Order Number,first_name,last_name,State,Area,Material,Tax,CPSF,LCPSF,MaterialCost,LaborCost,TotalCost
37282,Biddie,Westcar,AZ,634,Tile,5.155,1.75,2.1,1109.5,1331.4,2566.728395
27588,Briney,Sherrin,TN,332,Wood,6.1625,5.15,4.75,1709.8,1577,3489.34905
57220,Hurleigh,Aylott,TN,897,Laminate,5.4537,3.5,4.15,3139.5,3722.55,7236.28562085
16375,Ottilie,Hazeman,MN,582,Carpet,5.3761,2.25,2.1,1309.5,1222.2,2667.8067237
44337,Fowler,Roback,DC,348,Laminate,5.4102,3.5,4.15,1218,1444.2,2806.2303444
80395,Dodi,Renon,CA,663,Laminate,6.3492,3.5,4.15,2320.5,2751.45,5393.978249400001063492
62364,Gifford,Church,PA,291,Carpet,5.2985,2.25,2.1,654.75,611.1,1332.92106225
62052,Thayne,Baert,WA,680,Carpet,5.4208,2.25,2.1,1530,1428,3118.347264
48051,Marga,Suttill,MA,455,Wood,5.3344,5.15,4.75,2343.25,2161.25,4744.788048
39568,Janenna,Ashmore,CA,224,Wood,6.6833,5.15,4.75,1153.6,1064,2365.8088608
16826,Estevan,Carbert,MN,924,Wood,6.0626,5.15,4.75,4758.6,4389,9702.1823976
28633,Tome,MacNally,NY,343,Tile,5.8712,1.75,2.1,600.25,720.3,1398.0821316
69743,Esra,Hurtic,TX,337,Wood,5.6404,5.15,4.75,1735.55,1600.75,3524.4806652
55041,Giselle,Zimmer,DC,355,Laminate,6.4591,3.5,4.15,1242.5,1473.25,2891.16300825
65118,Janith,Dunniom,OH,634,Laminate,6.9293,3.5,4.15,2219,2631.1,5186.1779793
43406,Jourdan,Koopman,CA,439,Laminate,6.0598,3.5,4.15,1536.5,1821.85,3561.8592933
20876,Eran,Seres,SC,362,Tile,5.2862,1.75,2.1,633.5,760.2,1467.3737694
45773,Erhart,Orange,MN,683,Tile,6.9587,1.75,2.1,1195.25,1434.3,2812.53249585
75577,Kissee,Plante,TX,887,Wood,6.4213,5.15,4.75,4568.05,4213.25,9345.173616899998935787
56405,Daffi,Bevis,TX,616,Laminate,6.4549,3.5,4.15,2156,2556.4,5016.5807076
55611,Em,Castelijn,CA,878,Wood,5.1375,5.15,4.75,4521.7,4170.5,9138.761775000001051375
32606,Dorey,Emeney,DC,501,Wood,6.7374,5.15,4.75,2580.15,2379.75,5294.0683026
44592,Marietta,Cecchi,FL,716,Wood,6.2971,5.15,4.75,3687.4,3401,7534.7636364
89012,Micaela,Worsley,OH,693,Laminate,6.8427,3.5,4.15,2425.5,2875.95,5664.212319150001068427
42650,Philbert,Shillaber,TN,560,Tile,6.9121,1.75,2.1,980,1176,2305.024876
82695,Guilbert,Warin,TX,149,Tile,5.8514,1.75,2.1,260.75,312.9,607.2165561000001058514
17263,Sher,Radage,CA,126,Tile,6.8596,1.75,2.1,220.5,264.6,518.3759196
78203,Deonne,Bruna,CA,439,Wood,6.5545,5.15,4.75,2260.85,2085.25,4630.9651245
28670,Agnesse,Haig,NC,746,Tile,6.4596,1.75,2.1,1305.5,1566.6,3057.6261716
63093,Orren,Dubber,NC,584,Laminate,5.4713,3.5,4.15,2044,2423.6,4712.0357988
73037,Drew,Loveless,VA,580,Carpet,6.9433,2.25,2.1,1305,1218,2698.179459
38249,Cedric,Rate,LA,774,Wood,5.3103,5.15,4.75,3986.1,3676.5,8069.5070478
59847,Ansell,Brunet,VA,102,Tile,5.1718,1.75,2.1,178.5,214.2,413.0096586
21565,Patsy,Mardee,UT,472,Tile,6.0704,1.75,2.1,826,991.2,1927.5113088
42766,Caryn,Jenney,AZ,961,Tile,5.5254,1.75,2.1,1681.75,2018.1,3904.2815119
34698,Bendite,Kelland,NC,500,Carpet,5.3929,2.25,2.1,1125,1050,2292.295575
85653,Bayard,Schutt,CA,595,Wood,6.9021,5.15,4.75,3064.25,2826.25,6297.0682005
73487,Emmalyn,Marcam,VA,487,Tile,6.6318,1.75,2.1,852.25,1022.7,1999.2929341
28629,Renee,Joincey,DC,525,Laminate,5.9003,3.5,4.15,1837.5,2178.75,4253.22079875
23574,Verene,Springtorp,CA,299,Tile,5.6971,1.75,2.1,523.25,627.9,1216.73216665
36145,Evangelia,McGing,OH,100,Tile,6.5696,1.75,2.1,175,210,410.29296
53363,Bryana,Bentick,KS,531,Laminate,5.7175,3.5,4.15,1858.5,2203.65,4294.40342625
56920,Valina,Crapper,FL,332,Tile,5.831,1.75,2.1,581,697.2,1352.731842
20225,Chicky,Rubbens,TX,647,Laminate,6.613,3.5,4.15,2264.5,2685.05,5276.8637415
56294,Kenton,Tolotti,TN,831,Tile,5.2486,1.75,2.1,1454.25,1745.1,3367.2710841
12964,Frankie,Scott,NE,324,Wood,6.9881,5.15,4.75,1668.6,1539,3431.7502956
34817,Gaby,Fine,CO,445,Carpet,5.2562,2.25,2.1,1001.25,934.5,2037.4968915
60837,Colin,Waddicor,NY,763,Carpet,5.7022,2.25,2.1,1716.75,1602.3,3508.3088691
85512,Bamby,Juschke,CA,311,Wood,6.2469,5.15,4.75,1601.65,1477.25,3271.2358041
35342,Jacob,Renol,FL,413,Laminate,6.7234,3.5,4.15,1445.5,1713.95,3371.8724613
31946,Christiano,Donnelly,FL,988,Carpet,6.1948,2.25,2.1,2223,2074.8,4564.0401144
26404,Rainer,Pellew,AL,654,Carpet,5.9391,2.25,2.1,1471.5,1373.4,3013.8614559
69550,Christin,Negro,TN,445,Tile,6.3513,1.75,2.1,778.75,934.5,1822.06364725
56573,Antonie,Denzilow,NY,805,Tile,5.8123,1.75,2.1,1408.75,1690.5,3279.38770775
17785,Hannah,Kilpatrick,VA,269,Tile,5.7181,1.75,2.1,470.75,564.9,1094.86950265
50265,Elizabet,Langfitt,MI,367,Tile,5.2197,1.75,2.1,642.25,770.7,1486.70175115
49669,Jecho,Thring,VA,433,Carpet,6.2398,2.25,2.1,974.25,909.3,2001.0797529
46257,Allis,Melville,IN,626,Wood,6.9587,5.15,4.75,3223.9,2973.5,6628.6584738
24973,Forest,Bernardoni,DC,709,Laminate,6.7903,3.5,4.15,2481.5,2942.35,5792.14568655
23809,Maud,Girkins,TX,234,Laminate,5.9887,3.5,4.15,819,971.1,1897.3037187
24089,Ely,Brilon,VA,264,Wood,5.0551,5.15,4.75,1359.6,1254,2745.7200936
36570,Arlen,Itscovitz,VA,288,Tile,6.6677,1.75,2.1,504,604.8,1182.7314576
30443,Florie,Dunnaway,CA,834,Carpet,5.0408,2.25,2.1,1876.5,1751.4,3810.7751832
38442,Clare,Cornelleau,NC,776,Laminate,6.4398,3.5,4.15,2716,3220.4,6318.6922872
82304,Goraud,Stallworthy,IL,258,Tile,5.9999,1.75,2.1,451.5,541.8,1052.8970067000001059999
31457,Sondra,Giral,LA,234,Laminate,5.8295,3.5,4.15,819,971.1,1894.4538795
72819,Ethelred,Upcott,MA,278,Wood,5.0195,5.15,4.75,1431.7,1320.5,2890.346679
56813,Lynsey,Drakeley,NC,413,Wood,6.0862,5.15,4.75,2126.95,1961.75,4337.5464594
42359,Biron,Larive,TX,735,Laminate,5.8718,3.5,4.15,2572.5,3050.25,5952.9066345
26731,Barnebas,Mumbey,GA,214,Wood,5.9798,5.15,4.75,1102.1,1016.5,2245.2880428
77118,Mozes,Grouen,AZ,736,Wood,5.7975,5.15,4.75,3790.4,3496,7708.82904
35420,Belita,Hatry,AL,879,Wood,6.4717,5.15,4.75,4526.85,4175.25,9265.2738057
64996,Bram,Molyneaux,CA,261,Laminate,6.8115,3.5,4.15,913.5,1083.15,2132.65181475
47404,Josee,Parfrey,PA,892,Tile,5.0102,1.75,2.1,1561,1873.2,3606.2602884
64320,Guillermo,Penelli,WI,980,Carpet,5.2418,2.25,2.1,2205,2058,4486.457934
58182,Kitty,Grist,FL,432,Tile,6.1369,1.75,2.1,756,907.2,1765.2689208
16471,Alexander,Plessing,NC,426,Wood,5.1318,5.15,4.75,2193.9,2023.5,4433.8285332
52012,Jaymie,Mabon,KS,331,Wood,5.996,5.15,4.75,1704.65,1572.25,3473.382924
15586,Bradley,McNalley,CA,822,Wood,5.2313,5.15,4.75,4233.3,3904.5,8563.5127314
74907,Perceval,Putterill,TX,249,Carpet,6.5482,2.25,2.1,560.25,522.9,1154.0768283
74902,Maighdiln,Downage,AL,617,Carpet,6.9543,2.25,2.1,1388.25,1295.7,2870.59993485
58106,Gus,Godfroy,LA,172,Wood,6.838,5.15,4.75,885.8,817,1819.237464
33705,Keane,Hackforth,PA,229,Carpet,6.4437,2.25,2.1,515.25,480.9,1060.3389175500001064437
36480,Willyt,Moscrop,MI,585,Wood,5.369,5.15,4.75,3012.75,2778.75,6102.445635
21238,Vicky,Binding,TX,200,Laminate,6.9568,3.5,4.15,700,830,1636.43904
16183,Mandi,Blundel,CA,970,Laminate,5.0403,3.5,4.15,3395,4025.5,7794.5154615
31435,Emile,Aiton,IN,711,Tile,5.1576,1.75,2.1,1244.25,1493.1,2878.5315636
25458,Raynard,Skegg,SC,936,Wood,6.2913,5.15,4.75,4820.4,4446,9849.377023200001062913
21224,Dukie,Tallis,TX,668,Carpet,5.4576,2.25,2.1,1503,1402.8,3064.3869408
70440,Alanah,Cleare,CA,772,Laminate,5.6914,3.5,4.15,2702,3203.8,6241.9227012
26784,Modestia,Bolzmann,OH,789,Tile,5.5176,1.75,2.1,1380.75,1656.9,3205.2553764
20932,Sindee,Bruneton,DC,238,Carpet,6.5602,2.25,2.1,535.5,499.8,1103.2177506
50960,Berrie,Corneck,VA,677,Carpet,6.9368,2.25,2.1,1523.25,1421.7,3149.2352916
87795,Wesley,Nisot,OH,452,Laminate,6.3257,3.5,4.15,1582,1875.8,3676.5300546
78120,Aubrie,Kevlin,AZ,611,Tile,5.5957,1.75,2.1,1069.25,1283.1,2483.98044895
23355,Lazaro,Sowle,MI,945,Tile,5.6818,1.75,2.1,1653.75,1984.5,3844.9680885
80680,Cilka,O'Nowlan,FL,467,Wood,6.8483,5.15,4.75,2405.05,2218.25,4939.9174539
83214,Herrick,Gremain,NM,380,Laminate,6.7962,3.5,4.15,1330,1577,3104.565534
43639,Teri,Seadon,NY,354,Laminate,5.5593,3.5,4.15,1239,1469.1,2858.6514033
38727,Broddy,Attarge,AR,860,Wood,6.9765,5.15,4.75,4429,4085,9107.97921
11398,Jada,Churchard,IL,635,Laminate,6.1437,3.5,4.15,2222.5,2635.25,5156.19558675
79000,Eadmund,Kalinowsky,OH,299,Carpet,6.5933,2.25,2.1,672.75,627.9,1386.40575645
86229,Rodolphe,Van Halen,MN,617,Tile,5.4465,1.75,2.1,1079.75,1295.7,2504.82888425
87249,Gilberte,Nesbitt,NJ,842,Tile,6.5332,1.75,2.1,1473.5,1768.2,3453.4867444
39904,Willi,Powdrill,KS,740,Tile,6.7259,1.75,2.1,1295,1554,3040.620891
51676,Matteo,Plaice,NE,882,Laminate,6.4309,3.5,4.15,3087,3660.3,7181.2121157
77573,Walden,Bodimeade,AZ,443,Carpet,6.6801,2.25,2.1,996.75,930.3,2055.77886705
34696,Cherie,Iashvili,CA,124,Tile,6.5405,1.75,2.1,217,260.4,508.624347
25773,Vivyanne,Trevarthen,NC,555,Carpet,5.9952,2.25,2.1,1248.75,1165.5,2558.989116
15927,Shelton,Paffett,WV,583,Tile,6.5106,1.75,2.1,1020.25,1224.3,2390.6836723
58571,Orrin,Fulham,IN,781,Laminate,5.5684,3.5,4.15,2733.5,3241.15,6307.3424106
51149,Clark,Boden,NY,158,Tile,5.3567,1.75,2.1,276.5,331.8,640.8848061
16565,Steward,Pembry,AL,450,Wood,6.572,5.15,4.75,2317.5,2137.5,4747.7826
59356,Ebenezer,Greville,CO,576,Laminate,6.0248,3.5,4.15,2016,2390.4,4671.8767872
12509,Blithe,Axten,OR,293,Laminate,5.3066,3.5,4.15,1025.5,1215.95,2360.3947857
48267,Georgeanne,Aicheson,MN,568,Wood,5.6254,5.15,4.75,2925.2,2698,5939.527492800001056254
65100,Cissiee,Winckle,NC,806,Carpet,6.7072,2.25,2.1,1813.5,1692.6,3741.2611392
61203,Gabey,Greeve,GA,570,Laminate,6.6857,3.5,4.15,1995,2365.5,4652.0299485
72197,D'arcy,McClinton,CA,977,Wood,6.0706,5.15,4.75,5031.55,4640.75,10259.466643799998939294
83698,Janeva,Manwell,CA,693,Wood,5.6035,5.15,4.75,3568.95,3291.75,7245.139324500001056035
79721,Cyndy,Abotson,ID,666,Laminate,6.3532,3.5,4.15,2331,2763.9,5418.5891868
87480,Gradeigh,Measures,PA,144,Carpet,5.9055,2.25,2.1,324,302.4,663.3920520000001059055
16825,Karoly,Annand,CO,668,Tile,6.3008,1.75,2.1,1169,1402.8,2733.8439744
46466,Leilah,Finn,AR,952,Wood,5.7824,5.15,4.75,4902.8,4522,9969.779635199998942176
53180,Omero,Cudby,TX,170,Laminate,5.0723,3.5,4.15,595,705.5,1366.4652615
34268,Andre,Diem,TX,362,Wood,5.4888,5.15,4.75,1864.3,1719.5,3780.5076144
34903,Olva,Reeken,NY,191,Tile,6.7821,1.75,2.1,334.25,401.1,785.22217235
68987,Briggs,Fogt,FL,832,Tile,6.6521,1.75,2.1,1456,1747.2,3416.2800672
67625,Zia,Mavin,GA,425,Laminate,6.262,3.5,4.15,1487.5,1763.75,3454.843275
55547,Gilberte,Wearden,CA,613,Carpet,6.2139,2.25,2.1,1379.25,1287.3,2832.24675045
87630,Lorrie,Hendrich,IA,946,Laminate,6.276,3.5,4.15,3311,3925.9,7691.08784400000106276
32441,Windham,Brayson,NM,121,Wood,5.2085,5.15,4.75,623.15,574.75,1260.2926215
44523,Trev,Jakubiak,NY,302,Tile,6.0429,1.75,2.1,528.5,634.2,1232.9607983
52920,Dynah,Rozycki,TX,597,Carpet,6.4047,2.25,2.1,1343.25,1253.7,2763.27685665
45570,Tiphany,Diddams,WA,703,Wood,6.126,5.15,4.75,3620.45,3339.25,7386.05122200000106126
75173,Elyssa,Coytes,PA,559,Laminate,6.864,3.5,4.15,1956.5,2319.85,4569.878664
76114,Oneida,Ingliss,MO,540,Tile,5.5616,1.75,2.1,945,1134,2194.625664
19334,Lorrie,Whittier,CA,859,Wood,5.2552,5.15,4.75,4423.85,4080.25,8951.0074632
48470,Rozele,Band,CA,297,Wood,5.3916,5.15,4.75,1529.55,1410.75,3098.8292148
15204,Nadean,Abramowitch,TX,776,Laminate,5.3352,3.5,4.15,2716,3220.4,6253.1188128
64708,Basilius,Stoade,AR,316,Laminate,5.0097,3.5,4.15,1106,1311.4,2538.5044878
34630,Brok,Mosson,MA,816,Tile,5.0609,1.75,2.1,1428,1713.6,3300.5932344
48584,Friedrich,Laver,LA,589,Wood,6.8487,5.15,4.75,3033.35,2797.75,6230.4545457
14283,Frederich,Oliva,TN,328,Carpet,6.3532,2.25,2.1,738,688.8,1517.4474576
46671,Bride,Giblin,NY,368,Tile,6.696,1.75,2.1,644,772.8,1511.668928
60241,Johann,Vallens,AL,397,Tile,6.1559,1.75,2.1,694.75,833.7,1622.53985355
81967,Orsa,Grouer,WA,572,Laminate,5.7619,3.5,4.15,2002,2373.8,4627.9292202
49981,Dalis,Misk,FL,187,Carpet,5.6851,2.25,2.1,420.75,392.7,859.69544595
65805,Rutter,Deackes,LA,118,Tile,5.4236,1.75,2.1,206.5,247.8,478.9394148
49226,Katuscha,Ashborn,PA,156,Tile,6.9051,1.75,2.1,273,327.6,642.0720306
25778,Wren,Colyer,TX,290,Wood,5.2449,5.15,4.75,1493.5,1377.5,3021.581079
18220,Freddi,Ingham,ID,783,Wood,6.7054,5.15,4.75,4032.45,3719.25,8271.482491800001067054
59525,Justino,Harkins,CA,550,Tile,5.4931,1.75,2.1,962.5,1155,2233.8163925
59968,Jilli,Theseira,TN,412,Wood,5.2217,5.15,4.75,2121.8,1957,4291.7826996
71844,Katti,Tuerena,TX,684,Tile,6.12,1.75,2.1,1197,1436.4,2794.56408
13539,Buiron,Douris,OR,560,Laminate,5.842,3.5,4.15,1960,2324,4534.27128
16332,Lorraine,Hinkensen,VA,398,Tile,5.8127,1.75,2.1,696.5,835.8,1621.3680021
86674,Earl,Leroy,NC,664,Tile,6.2905,1.75,2.1,1162,1394.4,2717.210342
53578,Phelia,Willgress,OH,510,Tile,5.0313,1.75,2.1,892.5,1071,2062.2895755
80091,Nydia,Wetter,IL,912,Tile,5.9479,1.75,2.1,1596,1915.2,3720.0426648
13495,Kris,Arnopp,VA,471,Laminate,5.6373,3.5,4.15,1648.5,1954.65,3806.27037495
62140,Sven,Hullett,LA,256,Carpet,6.4085,2.25,2.1,576,537.6,1184.965056
82844,Grethel,MacGhee,MI,390,Carpet,5.5412,2.25,2.1,877.5,819,1790.506458
10682,Brunhilde,Brodley,IL,957,Tile,5.9765,1.75,2.1,1674.75,2009.7,3904.65115425
61832,Ritchie,Gwinnell,TX,160,Wood,5.3557,5.15,4.75,824,760,1668.834288
79566,Talbot,Lamberton,OR,650,Laminate,5.3185,3.5,4.15,2275,2697.5,5236.9624125
82783,Gerome,Berthot,NC,639,Tile,6.3615,1.75,2.1,1118.25,1341.9,2616.65244225
62699,Abelard,Dawnay,TN,819,Tile,6.138,1.75,2.1,1433.25,1719.9,3346.690347
30226,Noe,Remmers,KY,263,Wood,5.496,5.15,4.75,1354.45,1249.25,2746.799352
23304,Margarete,MacChaell,DE,941,Laminate,5.4065,3.5,4.15,3293.5,3905.15,7587.845012250001054065
29732,Rollo,Tabner,SD,335,Tile,5.3358,1.75,2.1,586.25,703.5,1358.5684805
65052,Elyn,Gardiner,UT,501,Wood,6.0976,5.15,4.75,2580.15,2379.75,5262.3348624
87865,Denys,MacKeeg,OH,321,Wood,5.7067,5.15,4.75,1653.15,1524.75,3359.2532193
84618,Davis,Bengough,NY,300,Tile,5.657,1.75,2.1,525,630,1220.33835
20398,Adelbert,Jedrzaszkiewicz,TX,974,Tile,6.726,1.75,2.1,1704.5,2045.4,4002.118274
89846,Claudetta,Tuckwood,TX,718,Wood,6.298,5.15,4.75,3697.7,3410.5,7555.87443600000106298
37602,Crichton,Cristou,CA,949,Carpet,5.6084,2.25,2.1,2135.25,1992.9,4359.6731646
48141,Nariko,Scarisbrick,MO,652,Tile,5.1783,1.75,2.1,1141,1369.2,2640.1856866
14999,Carroll,Toffanini,NY,464,Tile,6.8509,1.75,2.1,812,974.4,1908.7844776
47345,Genny,Papaminas,IN,409,Wood,5.7219,5.15,4.75,2106.35,1942.75,4280.7854529
27962,Vinnie,Morphey,NJ,398,Carpet,6.8131,2.25,2.1,895.5,835.8,1849.2552003
32154,Frank,Bernaciak,PA,503,Laminate,5.139,3.5,4.15,1760.5,2087.45,4045.6961505
80316,Shaine,Hansbury,CA,826,Wood,5.7285,5.15,4.75,4253.9,3923.5,8645.842359000001057285
52683,Herman,Rolf,NC,268,Tile,6.7494,1.75,2.1,469,562.8,1101.4403092
85437,Huntington,Barthel,NC,187,Laminate,5.879,3.5,4.15,654.5,776.05,1514.6520345
24703,Corbin,Chatteris,MN,716,Wood,6.1548,5.15,4.75,3687.4,3401,7524.6768432
79469,Budd,Whitloe,CA,316,Carpet,6.9056,2.25,2.1,711,663.6,1469.5243776
22981,Lilly,Stubley,MD,660,Carpet,5.6502,2.25,2.1,1485,1386,3033.217242
16691,Etty,Alyokhin,FL,484,Laminate,5.0745,3.5,4.15,1694,2008.6,3890.488437
18061,Amitie,McKeag,OH,435,Carpet,5.0986,2.25,2.1,978.75,913.5,1988.7282585
80854,Charmaine,Van de Castele,TX,419,Wood,6.5977,5.15,4.75,2157.85,1990.25,4421.7791937
27904,Sheila,Tolossi,WV,210,Tile,5.0438,1.75,2.1,367.5,441,849.279123
45505,Jeana,Schechter,MN,863,Carpet,6.4483,2.25,2.1,1941.75,1812.3,3996.12240615
39920,Jabez,Standon,IN,694,Laminate,5.9326,3.5,4.15,2429,2880.1,5624.0676666
12671,Hillary,Pannett,CA,694,Tile,6.1695,1.75,2.1,1214.5,1457.4,2836.7428705
60643,Carolus,McKeeman,TN,753,Carpet,6.5098,2.25,2.1,1694.25,1581.3,3488.7817539
86736,Alanna,Aukland,PA,633,Tile,6.569,1.75,2.1,1107.75,1329.3,2597.1398145
85698,Carmelina,Bramble,NE,821,Tile,5.7394,1.75,2.1,1436.75,1724.1,3342.2638249
47149,Harri,Emmerson,FL,981,Laminate,5.7829,3.5,4.15,3433.5,4071.15,7938.636404850001057829
73477,Lilyan,Melding,NY,328,Laminate,5.3976,3.5,4.15,1148,1361.2,2644.6365792
60433,Evelyn,Branthwaite,CT,451,Laminate,6.8617,3.5,4.15,1578.5,1871.65,3686.88894255
45932,Fidelity,Ceillier,TX,587,Tile,6.8357,1.75,2.1,1027.25,1232.7,2414.43340215
63990,Konstance,Rouff,MA,221,Wood,6.3158,5.15,4.75,1138.15,1049.75,2326.0833882
48758,Terri,Jachtym,IL,216,Carpet,6.389,2.25,2.1,486,453.6,999.631044
68809,Stavros,Altamirano,MO,686,Laminate,5.3567,3.5,4.15,2401,2846.9,5529.0142593
13791,Fredrika,Fossey,AR,860,Laminate,6.5944,3.5,4.15,3010,3569,7012.845576
85315,Ozzy,Gossipin,CA,954,Laminate,6.1218,3.5,4.15,3339,3959.1,7744.8750858
30196,Melisande,Pawlata,NC,248,Laminate,5.7016,3.5,4.15,868,1029.2,2005.3707552
12855,Tomas,Imore,MT,636,Carpet,6.4692,2.25,2.1,1431,1335.6,2945.5768872
39300,Allsun,Moscon,CA,123,Wood,5.7454,5.15,4.75,633.45,584.25,1287.6617358
18817,Flinn,Pagelsen,TX,874,Wood,5.4759,5.15,4.75,4501.1,4151.5,9126.4077234
81215,Belita,Speek,OH,643,Tile,6.673,1.75,2.1,1125.25,1350.3,2640.7434515
75684,Margalit,Roderham,IA,833,Carpet,5.7734,2.25,2.1,1874.25,1749.3,3832.7520357
36901,Tallie,Carah,CA,193,Tile,6.9699,1.75,2.1,337.75,405.3,794.83984195
67248,Dorolice,Bernholt,TX,244,Tile,5.0306,1.75,2.1,427,512.4,986.6574564
71525,Katy,Valerius,IN,267,Tile,6.9483,1.75,2.1,467.25,560.7,1099.37504985
88974,Layla,Drysdell,MO,388,Tile,5.3004,1.75,2.1,679,814.8,1572.9773752
29696,Christabel,Jocelyn,TX,441,Tile,5.1996,1.75,2.1,771.75,926.1,1786.1314086
40499,Jarib,Olsson,TX,203,Wood,5.8862,5.15,4.75,1045.45,964.25,2127.9949614
56704,Augustin,Molan,VA,603,Wood,6.3885,5.15,4.75,3105.45,2864.25,6351.074284500001063885
70935,Ranee,Heam,NE,358,Tile,6.7886,1.75,2.1,626.5,751.8,1471.8672738
27001,Julian,Jennrich,KS,549,Carpet,5.3465,2.25,2.1,1235.25,1152.9,2515.83243975
57092,Emory,Tolcharde,MN,214,Tile,5.2576,1.75,2.1,374.5,449.4,867.2173664000001052576
42010,Urbain,McAreavey,FL,425,Laminate,6.7457,3.5,4.15,1487.5,1763.75,3470.56957125
78039,Isidoro,Bondesen,KS,545,Laminate,6.0507,3.5,4.15,1907.5,2261.75,4421.51880975
55619,Lucila,Sutch,FL,897,Tile,5.7208,1.75,2.1,1569.75,1883.7,3651.0149676
53705,Angie,Keyme,WI,610,Carpet,5.5829,2.25,2.1,1372.5,1281,2801.6422515
48226,Coleen,Glasebrook,MD,762,Carpet,6.5891,2.25,2.1,1714.5,1600.2,3533.1088977
12599,Dyan,Creggan,OH,562,Carpet,6.413,2.25,2.1,1264.5,1180.2,2601.478611
18626,Bonny,Murrock,LA,575,Laminate,6.3722,3.5,4.15,2012.5,2386.25,4679.0471475
14123,Howie,Gallo,DC,228,Carpet,6.6305,2.25,2.1,513,478.8,1057.561299
68243,Isak,Garber,FL,513,Laminate,5.5271,3.5,4.15,1795.5,2128.95,4141.35827595
34005,Jeanette,Carnow,LA,504,Carpet,5.0847,2.25,2.1,1134,1058.4,2303.8769628
65457,Virginie,Abrahmson,NH,993,Laminate,5.1587,3.5,4.15,3475.5,4120.95,7988.328066150001051587
43940,Jarrod,De Andisie,TX,505,Carpet,5.5485,2.25,2.1,1136.25,1060.5,2318.63667375
83469,Adelaide,Gemnett,WV,199,Wood,6.1008,5.15,4.75,1024.85,945.25,2090.2918608
26018,Joyann,Clelle,AZ,259,Tile,6.7457,1.75,2.1,453.25,543.9,1064.41474755
57564,Lynnet,Blampied,TX,337,Wood,5.1743,5.15,4.75,1735.55,1600.75,3508.9301709
79539,Tadeas,Garforth,CT,846,Tile,6.9489,1.75,2.1,1480.5,1776.6,3483.4326219
21519,Mona,Deighan,FL,134,Carpet,5.4106,2.25,2.1,301.5,281.4,614.4383874000001054106
34709,Dulcia,Zettler,FL,533,Carpet,5.7207,2.25,2.1,1199.25,1119.3,2451.18728985
34944,Colline,Beckitt,CA,961,Tile,6.6586,1.75,2.1,1681.75,2018.1,3946.2082121
68282,Robbi,Shallcrass,NV,702,Tile,6.9056,1.75,2.1,1228.5,1474.2,2889.3376512
31901,Raymond,East,AZ,978,Wood,5.1046,5.15,4.75,5036.7,4645.5,10176.437581200001051046
39669,Heidie,Kyndred,CA,514,Carpet,5.0874,2.25,2.1,1156.5,1079.4,2349.6491766
74500,Jerrome,Crawford,CO,541,Laminate,5.8684,3.5,4.15,1893.5,2245.15,4381.5225366
67343,Salem,Frankish,FL,478,Wood,5.511,5.15,4.75,2461.7,2270.5,4992.99154200000105511
65643,Enrika,Goracci,IA,180,Wood,5.1235,5.15,4.75,927,855,1873.30077
68293,Land,Reddecliffe,TX,172,Wood,5.5656,5.15,4.75,885.8,817,1797.5710368
69767,Kylynn,Grills,FL,216,Wood,6.7022,5.15,4.75,1112.4,1026,2281.7198448
44122,Evelyn,Grimsdike,FL,605,Laminate,5.6471,3.5,4.15,2117.5,2510.75,4889.61190575
44306,Quincy,Agus,WI,599,Carpet,5.5143,2.25,2.1,1347.75,1257.9,2749.33335795
24893,Benton,Colson,CA,298,Carpet,6.4465,2.25,2.1,670.5,625.8,1379.8659795
20058,Rolf,Rudgley,NE,865,Carpet,6.7516,2.25,2.1,1946.25,1816.5,4016.795829
80903,Val,Treweela,IL,890,Carpet,5.264,2.25,2.1,2002.5,1869,4075.29576
24119,Oneida,Ivimy,IL,811,Tile,5.6046,1.75,2.1,1419.25,1703.1,3297.3452281
39893,El,Trimbey,MO,269,Carpet,6.1077,2.25,2.1,605.25,564.9,1241.61925155
21247,Rodi,Lewsam,NY,221,Carpet,6.5111,2.25,2.1,497.25,464.1,1023.94445985
43957,Crystal,Cowndley,TX,342,Laminate,5.0613,3.5,4.15,1197,1419.3,2748.7187919
34687,Corella,Klaff,AZ,931,Carpet,5.3883,2.25,2.1,2094.75,1955.1,4268.06806755
48174,Marys,Routledge,IN,565,Wood,5.8063,5.15,4.75,2909.75,2683.75,5918.2753905
62268,Petra,Beams,PA,457,Tile,5.0045,1.75,2.1,799.75,959.7,1847.50167525
83253,Bevin,Garrals,TX,346,Tile,5.241,1.75,2.1,605.5,726.6,1401.915361
69099,Kerk,Allerton,FL,402,Carpet,6.4142,2.25,2.1,904.5,844.2,1860.8651154
22666,Florella,Behrend,PA,663,Tile,6.7215,1.75,2.1,1160.25,1392.3,2724.11964825
38214,Leena,Tryhorn,NY,786,Laminate,5.5133,3.5,4.15,2751,3261.9,6344.4092157
18900,Lindie,Rowly,FL,327,Laminate,5.1431,3.5,4.15,1144.5,1357.05,2630.20721805
63480,Hillery,Tinghill,IL,973,Laminate,5.3569,3.5,4.15,3405.5,4037.95,7842.188173050001053569
37770,Aylmer,Nolton,VA,232,Carpet,6.4262,2.25,2.1,522,487.2,1074.0532104
52407,Bobby,Dayment,OH,517,Carpet,6.2308,2.25,2.1,1163.25,1085.7,2389.0775766
54422,Bettye,Attenbrough,IN,785,Laminate,5.4569,3.5,4.15,2747.5,3257.75,6332.95048725
33679,Codi,Cowill,TX,162,Laminate,6.1712,3.5,4.15,567,672.3,1315.7796816
25732,Hobart,Listone,MI,393,Tile,6.5645,1.75,2.1,687.75,825.3,1612.37416725
24338,Stanislaus,Tink,MA,992,Laminate,5.1627,3.5,4.15,3472,4116.8,7980.5869776
89381,Wrennie,Whyard,OK,253,Wood,6.497,5.15,4.75,1302.95,1201.75,2667.430359
64644,Letizia,Marner,AK,650,Carpet,6.5586,2.25,2.1,1462.5,1365,3012.944415
51336,Nertie,Moxham,UT,947,Wood,5.9911,5.15,4.75,4877.05,4498.25,9936.983598299998940089
29750,Clarance,Vedenyapin,OK,851,Tile,5.4952,1.75,2.1,1489.25,1787.1,3456.3919852
11865,Dugald,McCrachen,CA,620,Wood,6.5545,5.15,4.75,3193,2945,6540.31521
13463,Chryste,Santo,VA,839,Wood,6.1411,5.15,4.75,4320.85,3985.25,8816.1859071
56211,Krishna,Davidsson,GA,248,Wood,6.4521,5.15,4.75,1277.2,1178,2613.6119592
18748,Alix,Shickle,WV,802,Tile,5.6878,1.75,2.1,1403.5,1684.2,3263.3222006
75588,Atalanta,Devinn,TX,547,Carpet,5.0888,2.25,2.1,1230.75,1148.7,2500.5354516
18481,Coralyn,Seiler,OH,989,Tile,6.1354,1.75,2.1,1730.75,2076.9,4041.2645581
70419,Augustus,Impey,CA,837,Carpet,5.6962,2.25,2.1,1883.25,1757.7,3848.3457939
31649,Gunilla,Sopper,IA,383,Laminate,5.2961,3.5,4.15,1340.5,1589.45,3085.12308195
73172,Carroll,Willetts,OH,749,Laminate,6.0634,3.5,4.15,2621.5,3108.35,6077.2737249
20062,Aimee,Cockrem,MI,467,Carpet,6.1231,2.25,2.1,1050.75,980.7,2155.83771495
63270,Annabel,Gerardeaux,CA,773,Wood,5.5312,5.15,4.75,3980.95,3671.75,8075.986142400001055312
57925,Gayle,Lasham,OH,458,Carpet,6.0079,2.25,2.1,1030.5,961.8,2111.9953917
80775,Benson,Ivoshin,FL,136,Carpet,5.0442,2.25,2.1,306,285.6,621.4414872
82360,Dorolisa,Shemelt,TX,769,Carpet,6.2045,2.25,2.1,1730.25,1614.9,3552.69983175
28913,Egan,Iceton,AL,524,Wood,5.1576,5.15,4.75,2698.6,2489,5455.1556576
45530,Wendi,Stone Fewings,UT,969,Laminate,6.4011,3.5,4.15,3391.5,4021.35,7887.35394135
20915,Felicity,Reboul,FL,332,Tile,5.7938,1.75,2.1,581,697.2,1352.2563516
59304,Nils,Gioan,CA,142,Wood,5.9792,5.15,4.75,731.3,674.5,1489.8555936
27825,Marlo,Timberlake,TX,238,Carpet,6.5311,2.25,2.1,535.5,499.8,1102.9164783
65495,Merna,Pelfer,UT,598,Tile,5.7872,1.75,2.1,1046.5,1255.8,2435.5387056
56000,Oswell,Sarath,GA,939,Laminate,6.503,3.5,4.15,3286.5,3896.85,7650.4832505
19099,Hyacintha,Paice,NY,580,Carpet,6.4158,2.25,2.1,1305,1218,2684.870634
45156,Pooh,O'Currigan,AL,130,Tile,5.1792,1.75,2.1,227.5,273,526.421896
28243,Perry,MacGiolla Pheadair,CT,624,Carpet,5.7652,2.25,2.1,1404,1310.4,2870.8905888
21320,Janie,DelaField,NY,574,Tile,6.4655,1.75,2.1,1004.5,1205.4,2352.7810845
21543,Isaac,Houndson,IL,720,Tile,5.6891,1.75,2.1,1260,1512,2929.701852
24116,Freemon,Banisch,NC,134,Laminate,5.4219,3.5,4.15,469,556.1,1080.6798969
59524,Ethyl,Bohje,VA,802,Tile,6.4774,1.75,2.1,1403.5,1684.2,3287.7026798
38912,Ernie,Brobeck,PA,856,Laminate,5.7427,3.5,4.15,2996,3552.4,6924.4549668
46096,Katheryn,Yokel,CT,993,Laminate,5.2192,3.5,4.15,3475.5,4120.95,7992.923918400001052192
75157,Jesse,Dei,DC,663,Laminate,5.3687,3.5,4.15,2320.5,2751.45,5344.247779650001053687
11682,Lishe,Tschierse,TX,181,Laminate,6.9243,3.5,4.15,633.5,751.15,1480.52731995
87205,Hasty,Zylbermann,CA,875,Laminate,6.2794,3.5,4.15,3062.5,3631.25,7114.0773375
81639,Danyelle,Haquin,DC,603,Laminate,5.2915,3.5,4.15,2110.5,2502.45,4857.044249250001052915
17068,Arnuad,McDuall,WA,512,Tile,5.2859,1.75,2.1,896,1075.2,2075.3956608
42276,Gerard,Brind,FL,361,Wood,5.6576,5.15,4.75,1859.15,1714.75,3776.0969664
40482,Barnie,Beeres,WA,993,Laminate,6.9407,3.5,4.15,3475.5,4120.95,8123.696805150001069407
20637,Rockey,Patience,OR,595,Wood,6.6895,5.15,4.75,3064.25,2826.25,6284.5449975
57869,Sapphira,Dripps,NC,232,Laminate,6.5087,3.5,4.15,812,962.8,1890.3164076
61234,Josselyn,Tzuker,IL,751,Tile,6.0665,1.75,2.1,1314.25,1577.1,3066.75374775
65032,Franz,Thoma,DC,524,Laminate,6.1885,3.5,4.15,1834,2174.6,4256.672211
76530,Veronica,Nye,GA,536,Laminate,6.2213,3.5,4.15,1876,2224.4,4355.4981852
83738,Gisela,Hughill,NY,594,Wood,6.2109,5.15,4.75,3059.1,2821.5,6245.8381854
70381,Kyle,Bernardes,WA,718,Laminate,6.8858,3.5,4.15,2513,2979.7,5870.916336600001068858
39905,Joycelin,Pfaffel,SC,287,Tile,5.4231,1.75,2.1,502.25,602.7,1164.87254345
49496,Sharline,Eland,OH,733,Carpet,5.745,2.25,2.1,1649.25,1539.3,3371.7321975
65600,Bethena,Kemme,CO,872,Tile,5.2675,1.75,2.1,1526,1831.2,3534.04051
11496,Geoffrey,Clouston,NJ,223,Tile,6.7507,1.75,2.1,390.25,468.3,916.50813485
78286,Deeanne,Eccles,OH,270,Carpet,6.6329,2.25,2.1,607.5,567,1252.4034105
33904,Alanna,Dering,MD,424,Laminate,6.4641,3.5,4.15,1484,1759.6,3453.2695476
77606,Sebastien,Giacomi,CA,881,Carpet,6.644,2.25,2.1,1982.25,1850.1,4086.971334
59644,Mozelle,Wyld,FL,197,Carpet,6.8008,2.25,2.1,443.25,413.7,915.2294556
53893,Mildred,Langer,NY,412,Wood,5.975,5.15,4.75,2121.8,1957,4322.5083
78353,Ruy,Brou,FL,533,Wood,5.3846,5.15,4.75,2744.95,2531.75,5560.829188200001053846
87474,Brina,Dunstan,NC,432,Tile,6.2965,1.75,2.1,756,907.2,1767.923388
15202,Robbyn,Turmell,NY,857,Laminate,6.5849,3.5,4.15,2999.5,3556.55,6987.75933645
61943,Ravid,Francello,CA,913,Wood,6.7922,5.15,4.75,4701.95,4336.75,9652.626581400001067922
56327,Theadora,Kington,NY,659,Wood,6.0018,5.15,4.75,3393.85,3130.25,6915.6634338
86315,Joshua,Elkington,CO,886,Carpet,6.9549,2.25,2.1,1993.5,1860.6,4122.1488009
64969,Emmi,Blevin,AZ,359,Tile,5.8616,1.75,2.1,628.25,753.9,1463.1661044
33933,Alberik,Samwayes,TX,456,Wood,5.314,5.15,4.75,2348.4,2166,4754.295216
58993,Chic,Coetzee,DC,530,Tile,6.1834,1.75,2.1,927.5,1113,2166.672277
30978,Melodee,Redparth,IL,428,Tile,5.2928,1.75,2.1,749,898.8,1735.0147584
86216,Aili,Brandenberg,TX,418,Tile,6.2498,1.75,2.1,731.5,877.8,1709.8780314
25827,Charita,Hallawell,LA,290,Laminate,5.8283,3.5,4.15,1015,1203.5,2347.8008355
69820,Montague,Kirsop,CT,682,Tile,6.7395,1.75,2.1,1193.5,1432.2,2802.6590515
31888,Napoleon,Bartolommeo,OH,521,Tile,6.6691,1.75,2.1,911.75,1094.1,2139.62214235
75349,Cathi,Peniello,TX,336,Carpet,5.4075,2.25,2.1,756,705.6,1540.63602
11463,Camala,Menezes,VA,155,Carpet,5.0771,2.25,2.1,348.75,325.5,708.48234675
82987,Noll,Rudolfer,PA,905,Carpet,5.5826,2.25,2.1,2036.25,1900.5,4156.5230055
24848,Casey,Bakeup,TX,121,Laminate,6.6422,3.5,4.15,423.5,502.15,987.1335243000001066422
56037,Dee,Rogan,GA,836,Laminate,5.6812,3.5,4.15,2926,3469.4,6758.7354648
59162,Julee,Bum,KY,341,Wood,5.2955,5.15,4.75,1756.15,1619.75,3554.6707845
77746,Sallee,Kastel,CA,594,Wood,5.9795,5.15,4.75,3059.1,2821.5,6232.230477
60955,Clea,Macconachy,OH,671,Tile,5.2151,1.75,2.1,1174.25,1409.1,2718.07428585
34291,Gilemette,Shildrake,NV,628,Wood,5.2458,5.15,4.75,3234.2,2983,6543.341877600001052458
58453,Hadleigh,Lumley,FL,776,Wood,5.391,5.15,4.75,3996.4,3686,8096.558184
29926,Simmonds,Coverley,MI,126,Laminate,6.4953,3.5,4.15,441,522.9,1026.5081967000001064953
76398,Darice,Symcoxe,NY,517,Wood,6.1807,5.15,4.75,2662.55,2455.75,5434.6467681
21660,Charity,Kittman,WA,173,Carpet,5.8238,2.25,2.1,389.25,363.3,796.3770069
32075,Baudoin,Bohler,VA,744,Tile,6.8632,1.75,2.1,1302,1562.4,3060.9895008
75713,Hortensia,Posse,TX,459,Tile,6.766,1.75,2.1,803.25,963.9,1886.715369
67463,Daveta,Maudlin,DE,799,Laminate,5.884,3.5,4.15,2796.5,3315.85,6472.000674
88665,Kathie,Scrange,FL,630,Tile,5.8083,1.75,2.1,1102.5,1323,2566.3803165
67480,Rubetta,Matthias,MO,966,Carpet,5.8316,2.25,2.1,2173.5,2028.6,4447.1496636
60910,Brooks,Gietz,TX,528,Carpet,6.607,2.25,2.1,1188,1108.8,2448.549576
64817,Fransisco,Poller,AZ,929,Carpet,5.4604,2.25,2.1,2090.25,1950.9,4261.8129546
86206,Ferdinand,Penrice,SC,726,Laminate,5.2787,3.5,4.15,2541,3012.9,5847.0737193
45982,Drugi,O'Farrell,MA,900,Tile,6.856,1.75,2.1,1575,1890,3702.5604
39446,Lonny,Cudiff,WA,757,Carpet,6.4933,2.25,2.1,1703.25,1589.7,3506.77112235
89278,Kahlil,Noblett,OH,357,Carpet,5.3526,2.25,2.1,803.25,749.7,1636.0732017
38450,Donn,Jochanany,FL,742,Laminate,6.9889,3.5,4.15,2597,3079.3,6073.0109307
11575,Van,Pitone,TX,779,Tile,5.8457,1.75,2.1,1363.25,1635.9,3174.47131155
40179,Godart,Cromley,TN,273,Wood,6.9505,5.15,4.75,1405.95,1296.75,2890.5511635
81233,Kerrin,Meuse,KY,620,Carpet,6.9048,2.25,2.1,1395,1302,2883.222456
20201,Uriah,Rockingham,OH,607,Wood,5.3887,5.15,4.75,3126.05,2883.25,6333.1231491
46921,Annecorinne,Bisset,CA,740,Laminate,5.6921,3.5,4.15,2590,3071,5983.229781
58072,Aubrette,Janu,UT,436,Wood,6.8418,5.15,4.75,2245.4,2071,4611.7194552
25180,Jan,Findlow,VA,365,Tile,5.8653,1.75,2.1,638.75,766.5,1487.67212825
11521,Elbertine,Merrifield,WA,169,Carpet,5.8347,2.25,2.1,380.25,354.9,778.0437970500001058347
26762,Martha,Letchmore,VA,644,Wood,5.8854,5.15,4.75,3316.6,3059,6750.8295624
86013,Marilyn,Ivakhno,NY,310,Carpet,6.8879,2.25,2.1,697.5,651,1441.3833315
51268,Brear,Keizman,NC,645,Tile,6.5807,1.75,2.1,1128.75,1354.5,2646.66523275
48384,Rowland,Ballam,IL,716,Carpet,5.6621,2.25,2.1,1611,1503.6,3290.9517666
48377,Melodee,Pinney,MA,354,Tile,6.8755,1.75,2.1,619.5,743.4,1456.6061895
50363,Bourke,Hudspeth,MN,913,Carpet,6.5835,2.25,2.1,2054.25,1917.3,4233.01699425
19415,Consuelo,Kermeen,AZ,686,Laminate,6.3229,3.5,4.15,2401,2846.9,5579.7194691
44249,Vitoria,Borne,OK,641,Tile,6.3435,1.75,2.1,1121.75,1346.1,2624.39806475
75745,Tiffani,Tofano,AL,256,Wood,6.2428,5.15,4.75,1318.4,1216,2692.6175232
62196,Nert,Renny,MI,675,Laminate,5.0133,3.5,4.15,2362.5,2801.25,5422.62427875
89170,Erna,Longmead,NY,556,Wood,5.1232,5.15,4.75,2863.4,2641,5786.4014208
34210,Mimi,Dwelly,WA,393,Wood,6.2473,5.15,4.75,2023.95,1866.75,4133.7637011
66037,Darryl,Boise,CA,153,Wood,5.6219,5.15,4.75,787.95,726.75,1599.8549193
18989,Darcy,Enrietto,CA,253,Wood,5.1099,5.15,4.75,1302.95,1201.75,2632.6876653
59784,Joyann,Hurne,TX,234,Wood,5.4254,5.15,4.75,1205.1,1111.5,2442.2848164
63568,Rosco,Sills,CA,492,Tile,5.9328,1.75,2.1,861,1033.2,2006.5790976
55933,Adriena,Cherrington,NV,397,Tile,6.5868,1.75,2.1,694.75,833.7,1629.1259446
70967,Darlene,Testo,FL,993,Laminate,6.4171,3.5,4.15,3475.5,4120.95,8083.921792950001064171
26782,Molly,Gristock,AZ,182,Carpet,5.0238,2.25,2.1,409.5,382.2,831.4734246
37462,Ewell,Ferraraccio,AL,655,Wood,6.8699,5.15,4.75,3373.25,3111.25,6929.9786655
77297,Justina,Cavnor,ND,372,Carpet,6.7104,2.25,2.1,837,781.2,1726.7876928
38515,Barbe,Firpi,ID,346,Carpet,6.4573,2.25,2.1,778.5,726.6,1602.2888223
32381,Rosalinda,Gwyllt,CO,803,Carpet,5.6051,2.25,2.1,1806.75,1686.3,3688.83894555
58321,Corrine,Cashley,ID,701,Tile,5.4247,1.75,2.1,1226.75,1472.1,2845.25451595
40310,Emilie,Pisculli,IA,286,Carpet,5.6834,2.25,2.1,643.5,600.6,1314.8071794
16211,Leola,Riccione,TN,629,Tile,5.236,1.75,2.1,1100.75,1320.9,2548.447594
26577,Bing,Bleibaum,TX,632,Wood,5.6979,5.15,4.75,3254.8,3002,6613.3062072
83465,Gayleen,Samuels,CA,210,Carpet,5.9153,2.25,2.1,472.5,441,967.5362655
80495,Jarred,Parsisson,VA,665,Carpet,5.6853,2.25,2.1,1496.25,1396.5,3057.21151575
63419,Valene,Clohissy,CA,185,Tile,6.5397,1.75,2.1,323.75,388.5,758.82901325
12930,Frederich,Lawn,MO,660,Wood,6.0162,5.15,4.75,3399,3135,6927.098508
74377,Eryn,MacKniely,MS,534,Carpet,6.6512,2.25,2.1,1201.5,1121.4,2477.4007248
89985,Byrom,Mabb,IL,393,Carpet,5.8077,2.25,2.1,884.25,825.3,1808.83553535
70465,Joye,Beuscher,OH,972,Laminate,6.4966,3.5,4.15,3402,4033.8,7918.8741828
59632,Nicol,Docharty,AL,964,Carpet,6.2022,2.25,2.1,2169,2024.4,4453.4830548
70600,Liva,Maben,CA,878,Wood,5.5627,5.15,4.75,4521.7,4170.5,9175.721009400001055627
51910,Ugo,Doward,AZ,168,Carpet,6.9049,2.25,2.1,378,352.8,781.2610092
71138,Tonya,Grishmanov,DC,198,Tile,6.1008,1.75,2.1,346.5,415.8,808.8063984
75739,Mada,Gladtbach,MN,231,Tile,5.3365,1.75,2.1,404.25,485.1,936.81016275
68564,Ashlen,Colt,CO,279,Wood,5.7526,5.15,4.75,1436.85,1325.25,2920.9925646
43523,Robinia,Rosenblum,MO,488,Wood,5.5421,5.15,4.75,2513.2,2318,5098.949935200001055421
87214,Roy,Clarabut,TX,225,Tile,5.6543,1.75,2.1,393.75,472.5,915.23037375
52434,Tamma,Livingstone,OK,174,Tile,5.7577,1.75,2.1,304.5,365.4,708.4708323000001057577
37524,Zuzana,Ibert,LA,506,Carpet,6.682,2.25,2.1,1138.5,1062.6,2348.177502
10618,Monroe,Clell,NY,306,Carpet,6.4596,2.25,2.1,688.5,642.6,1417.0837356
49114,Simmonds,Muspratt,NE,930,Laminate,5.3634,3.5,4.15,3255,3859.5,7496.079093
18405,Romonda,Mullord,CA,832,Carpet,6.1068,2.25,2.1,1872,1747.2,3840.2173056
65338,Evania,Bartley,TX,462,Carpet,5.4712,2.25,2.1,1039.5,970.2,2119.6547064
42688,Luciano,Ikins,CA,181,Carpet,5.8293,2.25,2.1,407.25,380.1,833.24699355
33463,Serge,Whooley,CA,629,Laminate,6.3993,3.5,4.15,2201.5,2610.35,5119.77471705
88191,Abey,Gerlack,CA,202,Wood,6.876,5.15,4.75,1040.3,959.5,2137.306248
74025,Mela,Top,VA,155,Carpet,5.6127,2.25,2.1,348.75,325.5,712.09362975
56126,Beverie,Dietzler,AZ,771,Tile,5.9612,1.75,2.1,1349.25,1619.1,3145.2992802
29779,Pancho,Maulkin,TX,986,Carpet,5.212,2.25,2.1,2218.5,2070.6,4512.647892
44783,Madelena,Grimmett,NE,131,Wood,5.7897,5.15,4.75,674.65,622.25,1371.9866193
69798,Peter,Brason,IN,371,Laminate,5.4089,3.5,4.15,1298.5,1539.65,2991.66269535
38500,Sylvan,Doncom,GA,163,Laminate,5.9972,3.5,4.15,570.5,676.45,1321.7320854
12138,Josephina,Chesnut,NC,773,Laminate,5.7068,3.5,4.15,2705.5,3207.95,6250.918764600001057068
41358,Raeann,Beeres,LA,761,Wood,6.8895,5.15,4.75,3919.15,3614.75,8052.9480405
62967,Cheston,Trafford,AL,469,Laminate,6.0152,3.5,4.15,1641.5,1946.35,3803.6663532
78723,Bronnie,Penchen,MN,730,Tile,6.5296,1.75,2.1,1277.5,1533,2994.014408
87910,Anson,Justun,PA,988,Carpet,5.6843,2.25,2.1,2223,2074.8,4542.0998454
62817,Harris,Straun,CA,631,Carpet,5.8308,2.25,2.1,1419.75,1325.1,2904.8967138
41091,Erv,Diwell,MA,479,Laminate,5.2981,3.5,4.15,1676.5,1987.85,3858.49092735
19396,Stearne,Lidden,CA,484,Wood,5.5942,5.15,4.75,2492.6,2299,5059.6516872
68009,Sergeant,Stathor,LA,381,Tile,6.6519,1.75,2.1,666.75,800.1,1564.42339515
41959,Melinda,Lawlor,NM,435,Tile,6.7387,1.75,2.1,761.25,913.5,1787.60637825
50364,Terra,Sharpley,PA,462,Tile,5.9135,1.75,2.1,808.5,970.2,1883.8834245
38866,Tasia,Jeays,AZ,773,Tile,6.3497,1.75,2.1,1352.75,1623.3,3165.02024685
37345,Anita,Antoszczyk,MD,411,Carpet,5.0859,2.25,2.1,924.75,863.1,1878.77826315
47548,Karmen,Blaszczak,CO,412,Wood,5.5408,5.15,4.75,2121.8,1957,4304.7981504
82746,Kirby,Fleg,NY,825,Tile,5.054,1.75,2.1,1443.75,1732.5,3336.777675
30479,Abagail,Mayler,NE,673,Wood,5.4988,5.15,4.75,3465.95,3196.75,7029.068547600001054988
30122,Jo,Gatch,IA,383,Tile,6.3717,1.75,2.1,670.25,804.3,1568.50390235
53253,Dulcia,Hachard,OH,299,Carpet,5.4089,2.25,2.1,672.75,627.9,1371.00085785
68941,Donetta,Lukianov,TX,101,Wood,6.7794,5.15,4.75,520.15,479.75,1067.6872206000001067794
71881,Lindsey,Coppock.,PA,494,Laminate,6.9949,3.5,4.15,1729,2050.1,4043.4442659
53581,Philbert,Heijnen,FL,547,Tile,5.4678,1.75,2.1,957.25,1148.7,2221.0991341
71461,Florrie,Slingsby,TX,220,Laminate,5.4919,3.5,4.15,770,913,1775.428677
73996,Valene,O'Suaird,FL,576,Wood,5.6594,5.15,4.75,2966.4,2736,6025.1216256
50018,Alano,Challis,NC,260,Laminate,6.0141,3.5,4.15,910,1079,2108.620449
49491,Evvie,Haliburn,DC,466,Wood,5.1122,5.15,4.75,2399.9,2213.5,4849.2462348
43385,Rubi,Abbatt,IN,788,Laminate,5.9695,3.5,4.15,2758,3270.2,6388.053399000001059695
69273,Debra,Raine,CA,313,Carpet,6.4831,2.25,2.1,704.25,657.3,1449.82064805
68701,Lilly,Poytheras,PA,574,Wood,5.3372,5.15,4.75,2956.1,2726.5,5985.8917272
37769,Sukey,Toffts,CA,313,Laminate,6.4372,3.5,4.15,1095.5,1298.95,2548.5855354
77672,Zea,Jinks,GA,167,Laminate,6.6908,3.5,4.15,584.5,693.05,1363.0283154
23871,Darin,Hawkswell,FL,632,Carpet,6.945,2.25,2.1,1422,1327.2,2940.13194
27911,Lind,Scarrisbrick,NV,266,Carpet,5.662,2.25,2.1,598.5,558.6,1222.615002
49866,Megen,Samways,NY,248,Wood,5.816,5.15,4.75,1277.2,1178,2597.994432
53001,Eileen,Liddle,TX,119,Laminate,5.5006,3.5,4.15,416.5,493.85,960.4247121
61158,Olympia,Fairtlough,LA,816,Tile,6.2103,1.75,2.1,1428,1713.6,3336.7027848
84986,Angelico,Cran,FL,776,Tile,5.1455,1.75,2.1,1358,1629.6,3141.326958
52062,Dani,Jandak,CA,936,Carpet,5.2842,2.25,2.1,2106,1965.6,4286.7514872
36776,Herta,Jessope,FL,485,Tile,6.2407,1.75,2.1,848.75,1018.5,1983.77947075
61386,Elita,Milthorpe,KS,623,Carpet,6.0178,2.25,2.1,1401.75,1308.3,2873.1353889
29145,Yank,Hafford,MD,990,Carpet,6.9067,2.25,2.1,2227.5,2079,4603.9370355
63645,Slade,Rymell,TX,666,Carpet,5.2353,2.25,2.1,1498.5,1398.6,3048.7718763
68768,Onfroi,Featherston,CA,227,Wood,6.7056,5.15,4.75,1169.05,1078.25,2397.9949488
47826,Vaughan,Ottley,GA,797,Tile,6.6083,1.75,2.1,1394.75,1673.7,3271.22238135
13426,Maiga,Pymar,WV,398,Wood,6.0172,5.15,4.75,2049.7,1890.5,4177.2897144
83601,Lion,Meredyth,NV,945,Carpet,6.9265,2.25,2.1,2126.25,1984.5,4395.48109875
19633,Bar,Kehoe,WA,528,Tile,5.1404,1.75,2.1,924,1108.8,2137.2940512
60089,Jobie,Tramel,CA,699,Tile,5.3698,1.75,2.1,1223.25,1467.9,2835.6593727
57196,Tulley,Moxham,RI,169,Laminate,5.996,3.5,4.15,591.5,701.35,1370.369286
46633,Rubie,Pyne,TX,368,Carpet,5.3077,2.25,2.1,828,772.8,1685.7656616
89955,Jelene,Bampton,TX,821,Carpet,6.601,2.25,2.1,1847.25,1724.1,3807.0948135
34266,Davidson,Eyckelbeck,FL,754,Laminate,6.663,3.5,4.15,2639,3129.1,6152.428503
21544,Ola,Gayden,CA,475,Tile,6.0571,1.75,2.1,831.25,997.5,1939.51921625
44175,Ramonda,Bayman,CT,180,Tile,5.7333,1.75,2.1,315,378,732.731769
10347,Elfreda,Dewen,DC,334,Laminate,6.8048,3.5,4.15,1169,1386.1,2728.9694448
84140,Kit,Sconce,FL,233,Wood,5.0878,5.15,4.75,1199.95,1106.75,2424.0602826
11089,Luisa,Bizzey,PA,926,Carpet,6.5945,2.25,2.1,2083.5,1944.6,4293.7330545
45313,Bucky,Hocking,LA,503,Carpet,5.8962,2.25,2.1,1131.75,1056.3,2317.0618041
88052,Jakie,Oiller,NM,106,Carpet,5.5953,2.25,2.1,238.5,222.6,486.8999283
63344,Joyous,Baudi,TX,107,Carpet,5.6608,2.25,2.1,240.75,224.7,491.7981936
57650,Thorny,Bolzen,OK,880,Carpet,5.8461,2.25,2.1,1980,1848,4051.788708
51931,Bonnie,Ambrosi,VA,522,Carpet,5.3861,2.25,2.1,1174.5,1096.2,2393.0021727
48490,Maribelle,Droogan,NY,175,Wood,6.4398,5.15,4.75,901.25,831.25,1844.069535
64349,Ania,Jancey,CO,181,Carpet,6.96,2.25,2.1,407.25,380.1,842.14956
10749,Dorey,Dedenham,TX,400,Wood,5.066,5.15,4.75,2060,1900,4160.6136
65860,Demetrius,Stansall,CA,315,Tile,6.8693,1.75,2.1,551.25,661.5,1296.05743575
