SightingID,SightingTime,LocID
1,2017-08-23 10:32,246
2,2016-12-05 10:37,938
3,2016-09-12 14:23,306
4,2016-03-05 12:33,778
5,2017-10-30 04:08,1258
6,2016-10-11 05:34,1716
7,2016-01-01 19:22,1632
8,2017-03-06 01:47,1460
9,2017-10-28 22:19,252
10,2017-12-12 17:19,226
11,2016-01-31 04:40,797
12,2016-03-16 08:26,1943
13,2017-12-05 15:08,1844
14,2016-07-10 19:28,567
15,2017-02-15 14:43,480
16,2017-08-28 07:50,1486
17,2017-08-10 21:19,1432
18,2017-06-11 05:44,1974
19,2017-03-16 14:38,1608
20,2016-02-09 15:14,852
21,2016-03-18 17:53,728
22,2017-12-10 12:52,659
23,2017-04-20 17:16,218
24,2016-05-02 17:53,143
25,2016-07-12 23:04,272
26,2017-04-22 10:30,843
27,2016-07-31 08:50,1384
28,2017-07-21 14:43,1686
29,2017-01-19 07:04,1254
30,2016-04-07 15:40,1210
31,2017-06-17 09:16,109
32,2016-02-11 05:47,392
33,2016-12-17 14:37,471
34,2017-09-22 19:20,567
35,2016-08-19 07:03,1634
36,2017-05-04 00:46,461
37,2016-07-10 19:27,138
38,2017-12-03 16:42,102
39,2016-04-24 04:32,510
40,2017-11-02 23:11,1906
41,2017-05-02 21:55,1788
42,2017-11-12 10:01,1260
43,2017-02-14 10:23,1009
44,2017-08-04 01:13,1394
45,2016-12-18 07:52,1971
46,2017-07-23 12:48,1571
47,2016-02-13 22:36,905
48,2016-10-15 09:24,1578
49,2017-09-20 10:45,1975
50,2017-10-26 03:31,953
51,2017-03-28 04:35,1970
52,2017-06-19 14:04,797
53,2016-04-20 06:40,800
54,2016-10-14 01:15,1524
55,2016-12-09 08:04,414
56,2017-07-24 17:33,1606
57,2016-10-19 17:15,1671
58,2017-05-23 13:08,530
59,2017-04-09 23:00,1952
60,2017-06-11 15:20,585
61,2017-10-08 17:03,1719
62,2016-03-16 23:15,1239
63,2017-01-26 15:13,1064
64,2017-06-25 21:43,864
65,2017-05-17 23:49,5
66,2017-08-13 08:02,1007
67,2017-10-23 19:41,74
68,2017-06-13 03:39,1416
69,2016-01-22 15:34,971
70,2017-05-16 02:05,297
71,2016-07-07 13:16,1651
72,2016-03-19 14:00,975
73,2016-09-16 17:24,1175
74,2017-01-02 03:35,1437
75,2017-05-05 19:08,1023
76,2017-06-19 12:01,1678
77,2017-07-30 12:30,257
78,2016-03-04 11:51,1694
79,2017-04-08 18:42,1517
80,2017-02-18 15:13,254
81,2016-05-25 14:52,245
82,2017-05-09 21:07,1080
83,2016-09-26 18:18,1875
84,2016-06-22 05:00,1003
85,2016-06-23 20:26,191
86,2016-10-20 21:21,553
87,2017-03-07 07:03,1391
88,2016-02-04 02:39,928
89,2016-07-27 16:08,637
90,2016-08-02 07:58,1394
91,2016-09-23 14:32,1825
92,2016-01-08 20:55,1093
93,2017-03-01 10:14,1921
94,2016-04-30 18:05,178
95,2016-05-07 03:29,1098
96,2017-04-12 17:36,310
97,2017-02-10 05:18,1565
98,2017-02-28 17:30,314
99,2017-06-07 15:50,1562
100,2016-04-16 13:04,1595
101,2017-10-21 03:39,322
102,2017-10-24 01:37,1534
103,2016-06-02 02:13,1609
104,2017-06-07 01:21,739
105,2016-06-06 11:03,1969
106,2016-05-02 21:45,990
107,2017-11-23 02:29,328
108,2016-10-20 23:50,1377
109,2017-03-16 01:57,837
110,2016-09-26 02:38,1173
111,2016-03-15 10:38,677
112,2017-04-02 01:09,1686
113,2016-02-15 19:13,695
114,2016-11-16 14:10,106
115,2016-03-20 10:14,1786
116,2016-11-22 08:58,679
117,2017-05-22 22:08,1505
118,2017-08-25 16:33,1442
119,2017-07-24 18:24,21
120,2016-08-28 05:25,1458
121,2017-10-29 23:29,1851
122,2016-01-21 16:10,722
123,2017-01-30 20:04,176
124,2016-11-11 04:37,93
125,2017-01-05 12:02,1256
126,2017-01-27 01:07,1808
127,2016-07-31 10:39,288
128,2017-03-11 14:54,1450
129,2016-12-01 17:38,780
130,2017-05-17 11:05,1537
131,2017-11-18 14:46,513
132,2017-10-01 12:30,760
133,2017-01-30 21:39,1900
134,2016-10-05 07:46,713
135,2016-11-25 19:53,873
136,2017-12-12 20:02,1305
137,2016-10-04 12:01,1654
138,2017-05-06 13:52,1765
139,2017-08-31 20:48,870
140,2017-04-03 05:31,1782
141,2017-12-14 06:58,1070
142,2016-07-11 12:53,1402
143,2017-05-03 23:27,526
144,2016-01-09 03:15,366
145,2016-05-17 16:59,229
146,2017-03-26 19:17,893
147,2017-11-10 10:53,867
148,2016-05-30 18:49,366
149,2016-05-22 19:25,293
150,2017-02-02 11:36,917
151,2017-02-17 05:00,408
152,2016-04-16 08:57,1911
153,2016-11-05 23:03,745
154,2016-03-23 18:51,974
155,2017-09-25 15:19,1529
156,2016-02-26 14:30,256
157,2017-11-04 14:23,777
158,2017-11-02 10:52,201
159,2016-02-06 14:54,324
160,2017-09-07 00:41,181
161,2016-03-29 03:02,1609
162,2016-04-06 03:39,1667
163,2017-12-18 01:50,1990
164,2017-05-25 07:12,501
165,2016-12-15 05:15,1960
166,2016-11-01 14:12,587
167,2016-03-07 00:59,1656
168,2017-07-30 04:42,1587
169,2017-06-14 05:40,317
170,2017-12-06 02:00,1365
171,2017-09-22 05:25,1842
172,2016-12-05 14:21,1093
173,2017-06-14 13:16,28
174,2017-12-11 12:52,1913
175,2016-03-14 10:50,911
176,2017-04-14 09:34,905
177,2017-08-05 14:54,561
178,2016-12-23 00:00,18
179,2016-12-05 10:09,1290
180,2016-06-26 22:10,1171
181,2016-11-28 06:12,792
182,2017-10-23 02:23,1846
183,2016-02-15 08:49,753
184,2016-11-05 23:49,839
185,2016-10-18 05:16,1524
186,2016-01-13 21:25,994
187,2016-03-19 23:08,1794
188,2017-07-30 06:19,741
189,2017-09-30 05:15,1312
190,2016-08-02 21:22,1704
191,2017-07-30 15:44,168
192,2016-11-28 08:50,956
193,2017-08-10 18:01,754
194,2017-12-18 02:33,281
195,2016-04-19 12:37,846
196,2016-03-16 00:17,1769
197,2016-12-18 01:28,1945
198,2016-07-17 09:42,663
199,2016-11-08 13:19,230
200,2016-10-25 17:42,1451
201,2016-07-06 12:24,399
202,2016-10-06 14:09,307
203,2017-10-02 01:21,1479
204,2017-05-12 16:45,1767
205,2016-08-09 22:20,1059
206,2017-09-24 19:05,46
207,2017-03-19 07:24,1564
208,2016-06-10 08:41,1458
209,2016-08-14 19:36,1763
210,2017-03-06 13:11,1179
211,2016-07-02 13:38,269
212,2016-10-30 00:45,1529
213,2017-05-25 01:11,1988
214,2017-01-28 20:39,1476
215,2017-12-12 22:07,1008
216,2017-01-27 21:31,1712
217,2017-02-14 21:45,954
218,2016-03-24 21:03,790
219,2017-05-12 14:02,1592
220,2016-07-22 09:29,1725
221,2017-11-04 15:55,1339
222,2017-03-21 10:28,295
223,2016-09-17 18:28,66
224,2017-04-10 20:36,988
225,2017-03-29 18:40,1385
226,2017-10-16 01:16,354
227,2016-03-06 19:19,1777
228,2017-06-01 13:03,214
229,2016-05-02 20:04,1218
230,2016-10-27 15:32,1580
231,2017-07-17 21:02,1738
232,2016-02-02 10:12,404
233,2016-06-13 17:52,598
234,2016-11-03 23:46,1511
235,2016-09-03 08:01,1592
236,2017-09-16 12:35,1112
237,2016-05-10 08:54,950
238,2017-01-06 03:36,1740
239,2017-11-17 01:48,866
240,2017-04-23 21:19,760
241,2017-07-16 13:30,1742
242,2017-11-27 03:22,1906
243,2016-07-13 04:42,287
244,2017-04-23 17:00,1567
245,2017-04-23 17:22,1155
246,2016-07-15 00:40,1407
247,2017-05-19 10:16,1059
248,2016-05-14 04:17,1432
249,2016-11-19 19:43,1026
250,2016-04-05 01:36,281
251,2017-08-06 03:21,513
252,2017-05-19 04:41,662
253,2016-01-21 12:43,1034
254,2016-06-02 04:01,566
255,2017-04-28 16:58,1555
256,2016-01-23 15:04,1484
257,2016-06-18 21:36,1049
258,2017-10-04 18:40,3
259,2017-11-22 01:30,840
260,2017-01-17 08:50,171
261,2016-01-18 01:14,478
262,2016-01-24 05:13,1638
263,2017-01-03 00:03,46
264,2016-03-17 12:35,84
265,2017-10-21 06:24,514
266,2017-09-09 02:42,1234
267,2017-03-06 17:24,1991
268,2017-09-14 18:17,207
269,2016-06-25 22:54,675
270,2016-02-06 16:48,226
271,2016-04-13 13:55,1974
272,2016-11-26 21:22,876
273,2016-08-23 04:34,459
274,2017-02-12 12:44,983
275,2017-12-07 04:26,1171
276,2016-09-26 07:18,664
277,2016-08-23 00:39,1312
278,2017-02-16 21:28,760
279,2016-04-04 04:59,1961
280,2016-05-12 01:24,592
281,2017-11-20 15:14,428
282,2017-10-07 00:16,1655
283,2016-03-16 12:22,308
284,2017-05-22 19:36,660
285,2016-10-20 14:46,1950
286,2017-09-10 13:35,629
287,2016-09-05 22:28,1466
288,2016-01-24 15:48,144
289,2017-05-23 19:06,143
290,2017-01-11 06:24,283
291,2017-02-03 11:06,1991
292,2016-06-08 06:43,246
293,2016-11-27 23:36,1408
294,2016-05-09 19:31,1787
295,2016-06-20 17:35,1652
296,2017-04-22 06:29,1082
297,2016-01-18 12:59,590
298,2016-05-11 09:27,1337
299,2016-11-27 10:53,453
300,2017-10-25 18:54,61
301,2016-04-09 08:11,947
302,2016-12-14 18:07,651
303,2017-11-18 00:32,159
304,2016-08-01 15:31,1571
305,2016-08-18 10:09,1066
306,2017-12-20 22:35,496
307,2016-01-29 00:11,207
308,2017-02-11 20:40,309
309,2016-10-05 06:46,65
310,2017-08-29 10:03,1592
311,2017-01-03 12:02,818
312,2017-04-06 05:13,714
313,2016-03-06 23:38,1032
314,2017-08-08 01:57,1543
315,2017-12-04 10:29,1113
316,2016-10-29 04:04,1199
317,2016-10-01 07:57,1522
318,2016-02-01 00:10,424
319,2016-05-15 10:17,409
320,2017-02-17 10:09,1731
321,2017-04-30 10:05,461
322,2016-04-15 06:00,1593
323,2017-10-20 16:14,126
324,2017-12-05 10:29,1622
325,2016-09-29 19:27,1705
326,2017-04-29 07:14,1237
327,2016-02-20 20:34,293
328,2017-07-27 01:52,1948
329,2017-09-04 09:29,342
330,2016-02-20 06:51,1143
331,2016-07-07 14:08,131
332,2017-03-18 13:01,1086
333,2016-10-02 18:11,1408
334,2017-05-27 13:38,1733
335,2017-03-18 17:14,732
336,2016-02-14 11:58,331
337,2017-03-31 05:37,567
338,2016-11-29 14:18,802
339,2016-05-16 00:19,1738
340,2016-12-08 10:29,1484
341,2016-11-01 14:40,62
342,2016-07-23 05:37,624
343,2016-03-10 16:09,36
344,2016-09-04 16:47,1790
345,2017-05-12 20:47,1118
346,2017-02-23 22:03,97
347,2017-03-21 15:00,86
348,2016-12-29 13:41,778
349,2017-06-18 02:31,1817
350,2016-12-25 19:17,1419
351,2016-09-12 12:36,1550
352,2017-10-30 13:47,977
353,2016-08-13 10:01,1207
354,2016-02-06 08:25,1712
355,2017-02-12 02:12,780
356,2016-05-03 01:10,966
357,2016-07-10 21:36,283
358,2016-12-06 05:09,638
359,2017-01-10 00:49,1238
360,2016-07-07 21:25,1583
361,2017-08-26 14:23,1004
362,2017-04-19 02:49,588
363,2016-11-25 11:09,11
364,2017-04-10 07:28,793
365,2016-07-13 16:15,1669
366,2017-06-06 22:00,1920
367,2017-02-18 00:24,1901
368,2016-02-21 10:40,1839
369,2017-10-22 20:49,1313
370,2017-12-14 11:18,1809
371,2016-11-19 21:51,1
372,2016-08-14 03:34,377
373,2017-12-18 00:08,1779
374,2016-02-07 17:47,107
375,2016-07-05 05:58,1363
376,2016-09-08 01:34,1579
377,2016-09-19 05:10,1390
378,2017-05-06 04:17,1942
379,2017-08-23 22:29,1346
380,2016-12-16 23:24,462
381,2017-12-21 20:32,1177
382,2017-03-25 14:06,1162
383,2017-01-15 04:56,620
384,2016-05-02 13:27,1870
385,2016-04-28 20:29,1001
386,2016-07-29 06:05,434
387,2016-01-05 12:16,433
388,2017-11-04 04:42,1986
389,2016-06-05 08:38,915
390,2016-11-23 23:30,504
391,2016-12-29 01:04,1599
392,2017-02-25 07:46,1200
393,2017-10-05 00:39,960
394,2017-09-13 16:58,438
395,2016-09-02 10:49,430
396,2017-02-26 16:27,691
397,2016-07-11 13:48,602
398,2016-06-22 20:29,65
399,2017-08-15 15:55,1508
400,2017-09-15 11:25,54
401,2016-02-20 22:35,1769
402,2016-04-15 08:44,661
403,2016-05-14 05:32,1350
404,2016-01-02 09:22,400
405,2017-07-14 22:35,1709
406,2016-01-23 15:47,378
407,2016-02-12 22:53,1704
408,2017-02-07 02:09,1070
409,2017-03-27 19:52,415
410,2017-09-17 09:49,28
411,2017-07-10 08:12,1823
412,2017-02-10 16:48,400
413,2016-04-02 08:46,870
414,2017-06-25 18:06,1042
415,2017-05-31 16:54,1273
416,2016-03-13 21:31,580
417,2016-09-06 23:16,1737
418,2017-02-02 19:13,689
419,2017-12-19 05:55,401
420,2017-11-27 17:49,489
421,2016-01-23 08:37,1269
422,2016-09-26 09:29,859
423,2016-03-30 08:57,421
424,2016-02-13 03:57,1688
425,2016-04-06 17:34,328
426,2016-05-24 19:45,26
427,2017-07-29 05:42,505
428,2016-05-19 20:00,164
429,2016-06-14 03:02,388
430,2016-08-28 15:43,1443
431,2017-05-21 19:33,1585
432,2017-10-13 17:08,1869
433,2017-02-05 23:11,1129
434,2016-11-11 20:45,1846
435,2016-01-23 04:34,397
436,2016-06-29 14:31,1357
437,2016-08-14 22:05,1134
438,2017-01-29 15:58,540
439,2016-07-09 15:49,1414
440,2016-08-27 13:53,418
441,2017-06-06 14:04,1470
442,2017-07-13 18:35,1556
443,2016-01-21 21:52,137
444,2016-10-20 05:44,551
445,2016-04-23 11:38,705
446,2017-05-13 14:18,163
447,2016-01-18 16:33,1577
448,2017-02-13 06:32,845
449,2016-03-22 02:00,1316
450,2017-05-13 22:19,1884
451,2017-01-06 12:23,213
452,2017-01-10 04:32,305
453,2017-10-13 15:10,292
454,2017-08-24 10:48,222
455,2017-08-09 19:33,625
456,2016-10-05 15:04,1401
457,2016-07-03 16:36,408
458,2016-06-22 11:56,403
459,2017-01-02 13:19,1851
460,2016-12-07 02:31,379
461,2017-05-29 15:02,1889
462,2017-01-01 17:55,776
463,2017-11-06 13:54,351
464,2016-04-08 03:10,576
465,2016-08-15 12:32,1015
466,2017-03-19 13:14,1967
467,2017-05-23 15:23,148
468,2017-10-29 08:52,5
469,2017-07-19 06:56,989
470,2016-04-27 01:50,1816
471,2017-03-01 12:23,1122
472,2017-08-31 12:20,1451
473,2017-07-29 20:28,649
474,2017-02-21 17:37,70
475,2016-04-11 02:55,713
476,2017-09-07 12:18,1441
477,2016-09-10 07:33,722
478,2016-03-18 01:58,83
479,2016-03-18 21:56,1866
480,2017-12-11 17:25,950
481,2017-06-29 17:58,1883
482,2017-03-28 14:28,782
483,2017-07-12 17:26,1101
484,2016-08-29 11:00,162
485,2017-02-23 05:18,1517
486,2016-03-15 01:47,1000
487,2017-08-01 14:37,436
488,2016-05-25 15:36,1520
489,2016-03-07 04:47,836
490,2016-06-21 00:06,1025
491,2017-06-16 04:20,1347
492,2016-11-21 10:30,567
493,2016-12-13 00:15,190
494,2017-11-05 19:28,157
495,2016-01-22 07:18,1537
496,2017-09-03 11:37,114
497,2017-04-27 05:21,766
498,2016-08-09 09:12,185
499,2017-02-02 02:49,1124
500,2017-08-12 05:14,1977
501,2017-01-27 11:32,1192
502,2016-02-09 05:30,537
503,2017-01-23 18:58,1325
504,2017-05-11 16:43,1205
505,2016-12-13 15:36,1798
506,2016-10-07 22:42,1068
507,2016-01-19 18:32,446
508,2016-02-17 02:46,1619
509,2017-10-30 15:08,1624
510,2017-04-03 00:26,1087
511,2016-01-17 17:10,489
512,2016-03-14 22:34,907
513,2016-03-19 15:52,1605
514,2017-01-23 06:02,486
515,2017-03-21 17:40,1114
516,2016-04-17 17:40,156
517,2017-02-23 05:19,528
518,2016-02-24 18:23,239
519,2017-03-21 09:08,263
520,2016-04-04 10:59,1276
521,2016-08-02 01:02,1314
522,2017-02-13 11:25,690
523,2017-03-05 06:37,429
524,2017-11-08 03:53,139
525,2017-10-22 17:44,375
526,2017-11-23 17:20,1064
527,2016-12-29 08:47,1913
528,2016-04-29 23:28,593
529,2016-12-04 02:05,709
530,2016-11-24 08:44,1583
531,2017-10-03 21:19,405
532,2017-10-01 11:58,1485
533,2017-07-15 11:45,321
534,2016-05-06 05:08,430
535,2016-06-04 07:40,1545
536,2016-11-21 09:03,525
537,2016-06-28 22:05,1931
538,2016-02-16 04:44,1550
539,2017-05-30 14:22,1387
540,2017-06-17 21:42,1954
541,2016-11-23 12:03,416
542,2016-08-27 22:31,1145
543,2016-01-14 09:35,805
544,2017-02-06 03:14,1712
545,2017-06-14 22:52,537
546,2016-04-12 04:07,1867
547,2016-03-08 03:29,214
548,2017-12-12 12:44,1367
549,2017-07-01 23:54,474
550,2016-06-18 17:29,1151
551,2016-05-11 20:12,1764
552,2016-05-01 16:11,1708
553,2016-10-09 04:22,499
554,2016-06-19 13:30,1210
555,2016-02-25 00:36,723
556,2017-04-12 19:18,3
557,2016-03-17 08:58,1769
558,2016-10-12 20:34,1802
559,2017-02-04 19:08,1366
560,2016-05-16 11:00,883
561,2017-06-11 18:03,69
562,2016-10-28 05:03,1875
563,2016-07-20 02:44,431
564,2017-09-13 08:22,851
565,2017-09-20 10:32,1502
566,2017-10-25 11:44,1859
567,2017-06-06 03:50,1286
568,2017-07-21 15:13,537
569,2017-11-08 18:41,1319
570,2016-07-23 09:21,606
571,2017-06-17 12:32,237
572,2017-08-15 04:11,986
573,2017-08-10 19:47,4
574,2017-10-04 21:19,1719
575,2017-10-16 22:20,1894
576,2017-09-20 11:09,240
577,2016-09-11 09:33,491
578,2016-01-29 15:18,751
579,2016-09-07 16:13,405
580,2016-10-20 04:43,514
581,2017-04-17 18:41,1286
582,2017-07-21 06:01,1719
583,2016-05-09 06:11,905
584,2017-01-27 05:18,296
585,2017-02-07 02:35,1491
586,2017-11-18 16:20,71
587,2017-11-09 00:14,1201
588,2017-02-04 23:12,1117
589,2016-04-21 02:37,1690
590,2017-11-14 20:33,1822
591,2016-08-20 14:48,931
592,2017-02-22 13:58,706
593,2017-03-25 11:47,1011
594,2017-12-06 13:23,1825
595,2017-05-02 19:53,149
596,2017-08-20 21:10,1072
597,2017-11-01 23:29,770
598,2017-04-25 14:38,1099
599,2017-06-27 05:37,514
600,2016-02-06 17:32,593
601,2017-02-27 23:29,1987
602,2016-12-20 03:34,1600
603,2016-04-28 04:01,1299
604,2017-10-29 18:58,124
605,2017-01-24 12:04,308
606,2016-05-31 22:18,1937
607,2017-08-18 21:10,1274
608,2016-04-04 08:42,339
609,2016-02-14 21:00,88
610,2017-01-23 11:22,1238
611,2016-04-08 16:12,1501
612,2016-01-19 07:54,1812
613,2017-03-27 21:38,840
614,2016-03-28 02:24,45
615,2016-08-18 14:27,683
616,2017-07-22 10:51,680
617,2016-05-13 09:11,1309
618,2016-01-10 20:05,1437
619,2017-10-28 12:55,1353
620,2017-07-08 21:08,101
621,2017-11-04 18:35,916
622,2016-10-25 07:06,1853
623,2017-05-20 05:19,241
624,2017-12-03 01:12,1699
625,2016-04-29 18:52,579
626,2016-01-15 22:40,178
627,2017-03-07 18:25,1099
628,2017-07-20 10:55,1133
629,2017-09-29 00:55,742
630,2017-01-13 01:50,125
631,2017-12-13 18:23,874
632,2017-12-03 21:33,292
633,2017-08-25 09:03,1818
634,2016-01-19 18:14,505
635,2017-07-26 15:53,17
636,2017-09-21 16:08,1459
637,2016-02-18 22:12,1622
638,2017-07-18 17:09,1333
639,2016-05-02 18:34,624
640,2017-05-15 19:40,1561
641,2017-08-03 00:26,947
642,2017-02-25 07:39,1299
643,2016-05-19 18:45,38
644,2017-08-08 03:21,240
645,2016-02-12 20:17,148
646,2017-09-01 20:00,685
647,2016-10-25 15:15,840
648,2017-08-10 05:51,734
649,2016-03-22 12:47,1299
650,2016-03-31 15:11,1091
651,2017-12-17 09:53,1206
652,2016-10-22 23:52,1534
653,2016-10-09 05:26,1516
654,2017-01-31 03:05,717
655,2017-07-30 19:35,1719
656,2016-08-09 10:46,820
657,2017-07-25 20:19,796
658,2016-12-17 20:11,1222
659,2016-12-19 08:56,156
660,2016-03-27 18:45,1876
661,2016-11-08 21:12,915
662,2016-11-29 00:41,1122
663,2017-10-28 13:31,1881
664,2016-04-24 01:42,1161
665,2016-08-30 21:01,856
666,2016-10-23 05:49,1951
667,2016-09-17 13:37,1223
668,2016-03-02 04:51,1511
669,2017-05-31 15:39,1268
670,2016-05-26 09:38,52
671,2016-03-18 00:55,1983
672,2017-08-07 22:21,647
673,2017-06-08 11:40,776
674,2017-05-30 19:09,769
675,2016-11-10 15:05,1270
676,2017-12-16 05:05,543
677,2016-06-15 01:29,1525
678,2016-09-23 10:22,1240
679,2017-08-08 22:10,881
680,2017-11-11 17:46,239
681,2016-09-05 02:16,422
682,2016-09-28 04:51,518
683,2016-01-01 07:14,214
684,2017-03-16 13:18,1112
685,2017-11-14 14:09,1605
686,2017-07-14 12:35,1200
687,2017-05-16 11:41,572
688,2017-04-19 07:22,1967
689,2017-11-18 16:37,1589
690,2017-02-11 12:23,159
691,2017-01-14 00:01,1362
692,2016-11-15 23:38,1085
693,2016-06-13 07:33,491
694,2016-04-05 21:47,934
695,2016-11-09 15:50,935
696,2016-07-01 04:56,1323
697,2017-08-26 12:54,1636
698,2017-07-19 21:54,529
699,2016-03-22 14:35,1388
700,2016-12-01 15:29,297
701,2016-07-15 13:45,1284
702,2016-11-02 02:59,1842
703,2016-08-01 12:09,604
704,2017-10-13 15:12,1530
705,2017-08-11 10:39,119
706,2017-12-11 04:06,1799
707,2016-06-16 17:12,1728
708,2016-02-16 15:24,1846
709,2016-08-01 08:10,1404
710,2017-01-27 02:25,731
711,2016-01-08 21:48,776
712,2017-07-03 17:06,1060
713,2017-04-29 13:09,681
714,2017-10-27 11:25,288
715,2016-02-06 04:21,813
716,2016-09-29 21:15,939
717,2016-12-02 00:47,1117
718,2016-01-30 16:36,1711
719,2016-12-06 11:10,1665
720,2017-05-21 06:11,521
721,2017-08-04 22:38,16
722,2017-05-05 00:42,571
723,2017-10-29 09:35,487
724,2017-06-08 15:18,1836
725,2017-10-20 06:49,155
726,2017-03-26 12:23,826
727,2017-10-12 17:50,609
728,2016-04-04 09:56,1537
729,2016-01-19 11:56,678
730,2017-01-12 22:20,1103
731,2017-02-09 22:25,1367
732,2017-05-10 17:42,1261
733,2017-01-29 08:52,1851
734,2016-03-21 00:25,11
735,2016-02-15 16:38,1823
736,2016-03-03 22:32,219
737,2017-09-14 04:08,1255
738,2016-04-02 05:52,499
739,2016-07-29 14:44,993
740,2017-12-01 04:56,243
741,2016-09-08 07:34,8
742,2016-06-02 20:29,1888
743,2017-03-24 13:54,532
744,2017-02-14 13:24,914
745,2016-06-14 19:16,1043
746,2017-12-14 13:54,340
747,2017-06-11 11:43,150
748,2016-10-07 15:26,515
749,2016-04-26 05:43,1964
750,2017-07-29 04:19,1843
751,2017-03-16 20:41,165
752,2017-02-05 14:02,1720
753,2016-12-17 22:29,1448
754,2017-09-13 06:59,1326
755,2016-03-16 22:45,441
756,2017-02-14 10:39,937
757,2017-08-09 16:44,1944
758,2017-04-29 11:23,1202
759,2017-08-20 22:09,460
760,2017-03-25 15:21,1116
761,2017-07-22 03:55,877
762,2017-10-15 06:35,56
763,2016-07-24 18:33,1711
764,2016-11-14 14:23,1813
765,2017-04-22 17:55,469
766,2016-08-06 13:31,1932
767,2017-09-17 09:33,319
768,2016-07-05 22:03,1485
769,2016-04-08 04:59,1063
770,2017-08-07 19:14,875
771,2017-06-15 07:23,1090
772,2016-04-27 11:44,1900
773,2017-08-14 22:37,1666
774,2016-10-22 04:38,1943
775,2017-11-27 03:36,1147
776,2016-05-06 13:39,244
777,2017-03-08 17:40,138
778,2017-03-01 18:48,589
779,2016-09-22 21:58,100
780,2017-09-04 14:01,169
781,2017-01-15 15:49,1954
782,2017-02-17 14:47,261
783,2017-01-30 11:35,916
784,2016-11-28 21:49,857
785,2016-01-06 22:41,1022
786,2016-12-16 01:13,1087
787,2017-01-23 10:53,1474
788,2016-10-08 12:24,54
789,2016-11-09 13:13,1101
790,2017-04-04 13:54,658
791,2016-02-29 09:16,1027
792,2017-09-21 19:06,517
793,2017-10-09 12:25,1145
794,2016-03-04 15:54,1775
795,2017-08-11 00:55,1041
796,2017-03-31 11:45,1148
797,2017-03-05 17:32,737
798,2017-02-23 05:14,967
799,2016-03-24 09:25,624
800,2017-06-09 18:03,1862
801,2016-05-22 13:18,1437
802,2017-07-10 21:35,1970
803,2017-11-26 23:38,1074
804,2017-01-24 14:45,1846
805,2017-07-10 18:44,515
806,2016-11-08 13:13,907
807,2017-04-03 07:46,1333
808,2016-01-25 16:26,1214
809,2016-12-07 23:03,125
810,2016-07-29 11:37,1089
811,2016-05-17 11:16,119
812,2017-04-13 02:39,1541
813,2016-07-28 04:41,466
814,2017-06-22 14:20,1316
815,2016-12-20 21:38,622
816,2017-12-15 23:05,1082
817,2016-03-23 20:03,1687
818,2017-06-03 10:39,282
819,2016-07-23 06:41,220
820,2016-11-22 08:02,71
821,2016-10-24 19:04,81
822,2016-03-21 15:45,1829
823,2017-07-12 15:51,86
824,2017-10-06 14:50,1241
825,2016-09-11 12:54,70
826,2017-09-17 06:07,866
827,2017-04-28 00:35,510
828,2016-11-05 21:04,897
829,2016-03-10 04:18,723
830,2017-10-05 02:35,1646
831,2017-08-10 20:17,133
832,2016-08-17 06:39,40
833,2017-02-25 18:06,1658
834,2016-02-03 20:54,1323
835,2016-10-12 05:09,1510
836,2016-06-30 13:17,179
837,2016-09-26 20:26,1549
838,2017-02-06 02:48,84
839,2016-02-12 08:17,1528
840,2017-10-25 05:19,270
841,2016-12-27 02:08,1609
842,2016-03-17 02:05,1370
843,2016-07-16 09:00,641
844,2017-01-01 12:35,36
845,2016-02-03 08:25,319
846,2016-04-10 16:36,823
847,2016-03-24 22:32,1478
848,2016-10-25 12:59,1488
849,2016-05-07 11:29,1718
850,2017-04-11 22:38,1812
851,2017-12-15 00:13,707
852,2017-02-15 01:59,1025
853,2016-10-12 19:03,1717
854,2017-04-14 06:48,1752
855,2016-04-21 01:29,1835
856,2017-04-30 11:09,289
857,2016-09-23 16:26,619
858,2016-09-26 23:50,1749
859,2017-02-07 19:51,541
860,2017-02-07 10:41,1825
861,2017-10-22 14:18,1386
862,2016-11-22 16:00,791
863,2017-05-03 13:03,103
864,2016-07-27 06:11,773
865,2017-07-10 19:41,1348
866,2017-08-05 22:11,1769
867,2016-08-31 10:57,12
868,2017-07-15 07:27,417
869,2016-09-08 22:16,1694
870,2017-03-04 02:27,801
871,2016-05-28 03:55,1519
872,2016-04-02 18:28,174
873,2016-10-06 14:59,539
874,2017-11-20 06:22,695
875,2017-12-12 00:50,124
876,2017-08-16 15:06,1273
877,2016-05-10 18:13,301
878,2016-05-31 16:43,2
879,2016-01-03 12:35,11
880,2016-08-23 11:56,1301
881,2017-11-18 12:23,998
882,2017-11-30 20:27,226
883,2017-09-23 15:36,1491
884,2017-09-21 17:17,67
885,2017-08-22 16:41,1225
886,2016-04-24 14:13,196
887,2017-01-03 06:11,1415
888,2016-05-25 14:15,1725
889,2016-03-05 09:09,1890
890,2016-10-15 00:16,1168
891,2016-03-02 07:03,892
892,2016-08-11 10:24,1338
893,2017-07-04 06:42,968
894,2016-10-09 21:47,1343
895,2016-08-25 14:34,821
896,2017-06-03 20:19,1648
897,2016-01-04 18:49,769
898,2016-01-05 11:29,145
899,2016-03-12 03:23,1192
900,2016-01-29 17:25,1219
901,2017-05-30 12:58,855
902,2016-06-13 22:15,1822
903,2016-09-13 05:29,309
904,2016-09-21 04:44,1577
905,2017-01-27 22:33,944
906,2017-08-27 01:21,1733
907,2017-06-27 17:13,692
908,2017-05-18 10:19,1873
909,2017-06-07 02:10,557
910,2016-12-23 13:21,732
911,2016-10-17 01:01,446
912,2017-11-29 15:55,687
913,2016-09-09 00:13,944
914,2016-04-21 21:16,101
915,2017-12-13 09:50,609
916,2016-06-27 11:24,797
917,2017-05-21 22:06,1645
918,2016-05-30 00:01,119
919,2017-11-07 03:13,721
920,2017-05-12 19:43,1128
921,2016-10-22 14:45,1397
922,2016-04-25 15:19,1297
923,2016-07-16 13:43,496
924,2017-01-16 09:50,811
925,2017-10-05 02:53,675
926,2016-07-23 01:07,412
927,2017-02-17 22:19,1423
928,2016-07-03 00:12,1414
929,2017-04-17 06:52,1383
930,2017-11-20 08:30,1777
931,2016-04-03 15:46,1573
932,2017-01-01 09:12,424
933,2016-11-06 04:27,973
934,2016-06-19 17:29,1405
935,2016-03-18 19:15,817
936,2017-12-01 19:54,56
937,2017-02-01 02:31,1958
938,2017-07-22 17:36,1054
939,2016-02-22 19:12,990
940,2016-06-01 03:49,1696
941,2016-05-11 17:51,437
942,2016-11-08 04:36,703
943,2017-07-13 17:53,92
944,2017-11-18 00:05,1897
945,2016-10-11 13:02,1299
946,2016-08-01 16:13,1718
947,2017-08-17 20:54,1557
948,2017-05-08 21:37,155
949,2016-06-08 13:20,1367
950,2016-03-26 12:18,764
951,2016-08-07 06:13,526
952,2017-01-15 16:58,1175
953,2016-04-23 09:44,91
954,2016-03-30 15:44,7
955,2016-11-01 13:42,440
956,2016-01-17 17:36,1245
957,2016-08-10 09:12,1164
958,2016-11-21 05:39,364
959,2016-01-10 17:36,956
960,2017-02-27 01:42,1542
961,2017-08-17 07:36,1450
962,2017-10-25 19:15,60
963,2017-09-24 14:18,1939
964,2016-10-20 11:38,1441
965,2017-12-15 13:58,1108
966,2017-05-28 00:31,137
967,2016-02-03 17:39,249
968,2016-10-09 14:08,472
969,2016-03-17 12:41,1225
970,2016-11-21 14:46,1248
971,2017-08-12 18:43,370
972,2016-01-12 14:56,1026
973,2017-05-02 21:36,453
974,2017-02-03 08:57,1409
975,2016-01-25 03:41,839
976,2017-08-30 13:07,543
977,2017-10-30 19:17,739
978,2016-11-21 23:09,1015
979,2016-12-28 17:58,649
980,2017-05-22 06:50,1916
981,2017-07-06 16:50,841
982,2016-09-03 09:14,1646
983,2016-12-10 11:59,816
984,2017-03-17 16:17,564
985,2016-09-11 10:07,1449
986,2017-05-02 20:28,123
987,2016-04-02 23:58,1629
988,2017-06-18 03:31,553
989,2016-11-21 11:15,1617
990,2017-10-29 10:12,661
991,2016-03-22 22:41,1518
992,2017-09-01 22:34,305
993,2017-03-02 05:03,962
994,2016-09-04 15:05,1395
995,2016-12-18 20:32,475
996,2016-10-07 10:28,516
997,2017-03-25 15:39,1798
998,2016-01-29 21:03,829
999,2016-12-18 16:06,198
1000,2017-09-13 10:23,1066
1001,2017-02-06 13:47,111
1002,2017-05-26 12:10,40
1003,2017-11-04 17:46,1382
1004,2017-11-28 10:06,960
1005,2016-12-12 12:20,742
1006,2016-01-01 12:35,1581
1007,2016-02-02 14:26,1685
1008,2016-08-05 20:42,1968
1009,2016-01-09 12:42,1058
1010,2016-02-06 17:21,832
1011,2017-07-14 10:55,938
1012,2016-07-02 00:10,638
1013,2016-02-15 16:41,308
1014,2017-01-09 20:54,1974
1015,2016-11-05 12:23,423
1016,2016-03-06 19:32,1532
1017,2016-02-15 09:44,887
1018,2017-03-21 04:13,1982
1019,2016-04-08 04:42,1545
1020,2017-08-11 14:33,558
1021,2017-11-07 23:02,193
1022,2017-08-08 20:47,1656
1023,2016-01-11 17:03,1098
1024,2017-04-22 07:31,1493
1025,2016-03-24 01:00,1437
1026,2016-03-04 10:03,1730
1027,2017-10-13 10:06,1411
1028,2017-04-10 07:54,1117
1029,2017-11-13 13:08,62
1030,2017-04-14 08:55,470
1031,2016-06-07 20:38,1253
1032,2017-11-02 05:24,1541
1033,2017-01-13 22:35,1433
1034,2016-11-03 16:41,224
1035,2016-10-05 19:28,1332
1036,2017-02-08 16:12,469
1037,2016-04-11 21:01,220
1038,2016-12-18 01:23,1357
1039,2016-11-06 21:29,311
1040,2017-06-17 18:28,1491
1041,2017-10-08 00:54,1017
1042,2017-10-09 16:23,1293
1043,2017-11-30 10:51,1917
1044,2017-09-12 05:21,403
1045,2016-03-28 16:45,1438
1046,2017-09-23 18:55,1539
1047,2016-11-09 19:28,1220
1048,2017-08-16 19:10,206
1049,2017-01-05 19:25,731
1050,2017-11-02 09:28,332
1051,2016-03-22 08:01,1975
1052,2016-07-28 00:26,1568
1053,2017-08-26 13:01,335
1054,2017-06-30 08:50,1183
1055,2017-12-15 12:42,833
1056,2016-10-26 11:55,842
1057,2017-12-06 11:31,1850
1058,2017-09-06 02:10,1522
1059,2017-02-05 04:42,115
1060,2017-10-10 19:45,1471
1061,2016-07-06 13:35,1981
1062,2017-06-23 14:11,1664
1063,2016-08-24 10:07,1039
1064,2017-08-22 17:14,934
1065,2016-10-04 20:40,1787
1066,2017-06-16 04:54,1648
1067,2017-12-12 16:49,841
1068,2016-06-25 01:13,1416
1069,2016-10-16 02:31,265
1070,2017-10-31 12:00,450
1071,2017-10-18 23:18,466
1072,2017-05-04 15:02,1462
1073,2016-01-30 18:04,385
1074,2016-12-08 17:49,843
1075,2017-03-09 12:34,1979
1076,2017-12-11 16:33,1172
1077,2016-07-20 16:20,412
1078,2016-03-05 05:57,637
1079,2016-12-20 02:02,207
1080,2017-06-15 17:17,905
1081,2016-10-16 21:50,1281
1082,2017-12-14 10:39,1599
1083,2017-10-27 00:28,947
1084,2016-09-15 22:36,153
1085,2017-07-17 02:03,752
1086,2016-03-08 06:25,1947
1087,2016-09-30 02:55,1422
1088,2017-10-28 15:25,484
1089,2016-09-21 02:43,1927
1090,2017-06-23 15:54,1163
1091,2016-07-15 01:10,59
1092,2016-12-16 07:05,1617
1093,2017-04-15 17:53,1742
1094,2016-05-22 03:56,290
1095,2016-03-09 10:51,9
1096,2016-07-13 07:15,1993
1097,2017-09-13 21:03,1430
1098,2017-04-07 12:56,194
1099,2017-05-28 07:23,39
1100,2016-05-27 13:17,1019
1101,2017-07-30 20:01,93
1102,2016-07-18 04:04,1421
1103,2017-08-02 18:03,1547
1104,2016-10-23 10:26,1396
1105,2017-02-25 23:56,214
1106,2017-04-19 15:55,712
1107,2016-05-14 11:17,361
1108,2016-11-08 17:19,1977
1109,2016-03-01 00:40,1924
1110,2016-06-08 23:17,1717
1111,2016-03-30 20:26,1141
1112,2016-02-04 12:18,1380
1113,2017-09-11 22:12,1837
1114,2016-09-22 16:02,119
1115,2017-02-20 02:01,374
1116,2016-12-23 00:08,1837
1117,2017-07-03 08:10,1803
1118,2017-12-05 06:47,449
1119,2017-07-15 16:12,1115
1120,2017-05-06 18:12,1201
1121,2016-04-18 11:54,18
1122,2017-07-04 12:29,1646
1123,2017-10-04 08:10,105
1124,2016-11-07 15:59,758
1125,2017-10-05 16:31,1177
1126,2017-10-15 23:05,241
1127,2017-12-18 12:18,1280
1128,2017-07-21 21:01,1986
1129,2016-05-27 17:12,1853
1130,2017-05-27 22:44,1125
1131,2017-07-26 09:40,1031
1132,2016-12-07 17:07,1643
1133,2017-05-25 16:01,793
1134,2017-11-06 04:00,1687
1135,2016-06-26 16:13,1843
1136,2016-05-14 16:40,992
1137,2017-08-20 21:59,70
1138,2016-08-12 03:12,335
1139,2017-06-25 17:33,1376
1140,2016-07-16 02:25,1412
1141,2017-02-14 06:01,454
1142,2017-04-06 16:59,1495
1143,2016-03-09 00:05,1885
1144,2017-01-19 08:13,1357
1145,2016-11-15 17:04,176
1146,2016-11-01 22:44,1977
1147,2016-02-03 08:52,1788
1148,2017-12-15 01:48,1406
1149,2016-09-24 18:22,911
1150,2016-02-29 14:54,1301
1151,2017-10-17 20:51,216
1152,2017-01-17 07:47,1501
1153,2016-03-01 01:08,999
1154,2016-06-16 17:15,974
1155,2017-04-19 11:21,1950
1156,2016-03-04 13:13,1164
1157,2017-11-21 07:27,361
1158,2016-10-02 00:24,644
1159,2017-12-13 08:04,1462
1160,2017-03-15 16:45,52
1161,2017-06-18 10:21,556
1162,2016-03-27 13:02,53
1163,2016-03-16 01:43,1177
1164,2017-09-14 17:02,1417
1165,2016-09-08 09:27,19
1166,2016-05-15 10:43,932
1167,2016-07-28 04:38,680
1168,2016-03-06 22:09,276
1169,2017-12-01 02:12,1224
1170,2016-04-23 07:32,1072
1171,2017-07-21 05:23,957
1172,2016-10-28 10:44,765
1173,2017-08-01 02:14,1952
1174,2016-06-28 00:18,1860
1175,2017-05-29 21:13,1597
1176,2016-03-16 11:20,232
1177,2016-11-28 15:57,872
1178,2016-03-23 05:00,1618
1179,2017-05-06 02:40,898
1180,2016-01-18 06:26,901
1181,2016-05-22 17:01,1838
1182,2016-09-08 21:43,813
1183,2017-02-06 11:30,594
1184,2017-06-30 17:07,739
1185,2016-09-15 11:10,1393
1186,2016-05-18 23:34,4
1187,2016-03-19 19:00,708
1188,2017-06-12 14:20,280
1189,2016-08-04 10:43,1837
1190,2017-04-18 23:56,1007
1191,2016-01-10 20:21,1959
1192,2016-08-28 06:54,968
1193,2016-11-09 21:09,1877
1194,2017-11-18 22:57,484
1195,2016-12-11 10:32,1349
1196,2016-09-11 15:16,1819
1197,2016-09-18 14:30,756
1198,2016-09-03 05:29,672
1199,2017-08-31 17:55,391
1200,2016-12-19 13:59,1117
1201,2016-01-01 01:08,1829
1202,2017-11-14 20:23,94
1203,2016-11-04 11:26,732
1204,2016-06-23 02:53,312
1205,2016-05-05 18:49,1706
1206,2017-05-02 15:53,1866
1207,2017-10-19 01:36,365
1208,2017-01-28 05:45,380
1209,2017-01-21 10:55,592
1210,2017-03-26 11:20,1304
1211,2016-10-01 01:01,1061
1212,2017-08-10 09:08,1227
1213,2017-12-08 20:48,1294
1214,2016-05-27 01:03,1088
1215,2017-10-20 16:03,1092
1216,2017-09-05 22:55,804
1217,2017-09-23 04:05,105
1218,2017-08-07 09:19,149
1219,2016-10-26 13:57,1278
1220,2017-01-11 02:22,226
1221,2016-10-18 14:51,1817
1222,2017-09-15 18:00,1100
1223,2017-04-21 20:25,883
1224,2016-09-14 07:44,893
1225,2017-04-06 01:56,1980
1226,2017-10-30 06:30,112
1227,2016-10-14 20:17,594
1228,2016-01-02 15:23,1277
1229,2017-05-24 11:56,382
1230,2016-12-17 14:39,425
1231,2016-12-25 14:40,1237
1232,2016-12-17 19:41,843
1233,2017-03-16 00:49,1998
1234,2017-09-28 10:19,1861
1235,2017-05-01 14:32,1183
1236,2017-05-11 22:30,182
1237,2016-01-27 01:10,1947
1238,2016-01-13 02:56,755
1239,2016-05-17 00:53,685
1240,2016-05-12 05:39,1899
1241,2016-02-04 02:14,1556
1242,2017-12-03 23:22,1181
1243,2016-07-22 13:56,825
1244,2016-09-04 06:29,517
1245,2017-11-28 13:20,979
1246,2016-11-26 13:27,769
1247,2016-01-09 03:59,1886
1248,2017-08-26 06:23,1998
1249,2017-03-11 22:44,1813
1250,2016-08-23 13:09,237
1251,2017-07-08 16:56,1384
1252,2016-03-29 03:59,361
1253,2016-03-09 10:19,333
1254,2017-06-02 07:38,614
1255,2016-11-21 10:27,89
1256,2017-07-01 15:02,597
1257,2017-03-11 19:08,807
1258,2017-07-21 07:08,1103
1259,2017-01-06 15:37,258
1260,2017-01-26 10:45,1081
1261,2017-03-27 14:58,893
1262,2017-04-20 00:55,1239
1263,2016-08-29 20:08,341
1264,2016-11-28 02:39,1837
1265,2016-05-23 13:00,937
1266,2017-12-06 14:02,1051
1267,2017-08-22 21:22,1491
1268,2016-05-24 07:09,1381
1269,2017-02-05 20:33,407
1270,2016-12-10 01:29,197
1271,2016-02-06 11:23,74
1272,2016-06-18 09:55,154
1273,2016-05-26 01:11,1844
1274,2016-04-04 18:02,30
1275,2017-03-22 20:05,415
1276,2016-07-10 20:48,674
1277,2016-12-23 03:46,1978
1278,2016-12-15 14:19,1725
1279,2016-12-07 14:51,1772
1280,2016-01-06 12:19,1322
1281,2017-06-25 20:25,1576
1282,2017-11-21 00:19,1463
1283,2017-11-06 12:35,1000
1284,2017-07-03 23:10,348
1285,2017-05-09 01:00,925
1286,2017-08-21 00:59,79
1287,2016-12-11 12:21,1354
1288,2017-01-13 19:06,1423
1289,2017-11-17 12:14,1929
1290,2016-09-19 01:07,770
1291,2016-10-15 19:33,1342
1292,2017-12-17 18:29,1603
1293,2016-07-31 21:33,474
1294,2016-05-30 21:36,1997
1295,2017-12-21 17:54,1406
1296,2016-06-13 11:53,1873
1297,2017-04-25 14:35,1753
1298,2017-08-04 03:40,695
1299,2016-08-08 10:11,1573
1300,2017-09-16 08:27,1818
1301,2017-06-24 04:14,1030
1302,2016-09-28 10:56,1584
1303,2017-04-23 20:52,1737
1304,2016-01-15 15:56,1634
1305,2016-08-23 08:34,11
1306,2016-11-26 18:06,1997
1307,2016-02-01 13:29,194
1308,2016-04-22 17:27,236
1309,2016-04-05 10:43,774
1310,2016-07-01 02:25,434
1311,2016-06-22 05:29,1801
1312,2017-04-14 19:37,150
1313,2016-03-09 07:42,1028
1314,2017-01-23 01:34,827
1315,2017-03-10 06:19,840
1316,2017-01-26 13:20,592
1317,2016-11-26 21:15,863
1318,2017-09-30 16:41,1695
1319,2017-11-07 12:21,204
1320,2016-11-06 22:29,1577
1321,2016-09-22 03:03,1160
1322,2017-05-22 05:36,1158
1323,2017-11-22 11:44,1484
1324,2016-11-30 15:26,975
1325,2017-11-19 06:46,945
1326,2016-04-05 04:03,928
1327,2017-07-13 18:13,1890
1328,2017-12-06 18:42,1978
1329,2017-01-18 09:08,1480
1330,2017-04-19 06:10,899
1331,2017-10-26 00:19,600
1332,2016-06-26 04:38,1765
1333,2016-05-16 10:42,1266
1334,2016-10-05 22:30,525
1335,2016-04-12 22:33,1522
1336,2017-07-23 07:24,46
1337,2016-09-16 04:17,1298
1338,2017-01-03 02:03,1007
1339,2016-04-07 05:19,936
1340,2016-01-14 11:09,1325
1341,2016-01-13 21:14,1937
1342,2017-06-14 17:47,616
1343,2017-01-30 15:25,178
1344,2017-09-15 02:04,1668
1345,2017-04-08 12:07,1533
1346,2016-11-05 15:12,1070
1347,2016-07-13 13:34,466
1348,2017-05-24 19:11,1631
1349,2017-08-17 23:59,478
1350,2016-05-10 06:39,1611
1351,2016-07-10 17:49,352
1352,2017-10-07 03:12,676
1353,2017-08-14 10:58,114
1354,2017-03-24 01:10,1710
1355,2016-01-29 10:09,1915
1356,2016-09-11 09:58,519
1357,2016-02-15 05:42,954
1358,2016-11-11 10:18,289
1359,2017-07-22 12:31,703
1360,2016-01-13 16:54,1419
1361,2016-06-03 04:59,1425
1362,2017-11-13 04:03,481
1363,2017-06-28 20:17,206
1364,2017-01-04 04:45,6
1365,2017-01-04 20:04,113
1366,2017-08-10 00:45,1565
1367,2017-03-13 08:14,1767
1368,2016-11-25 00:04,1729
1369,2017-07-14 00:53,608
1370,2016-08-22 02:36,1133
1371,2017-08-30 20:42,608
1372,2017-04-21 19:09,1147
1373,2016-02-09 12:03,85
1374,2016-05-28 08:24,1595
1375,2017-04-02 02:12,715
1376,2016-10-06 16:49,619
1377,2017-12-12 17:35,1277
1378,2017-06-19 12:36,519
1379,2016-08-07 23:47,1889
1380,2017-02-13 09:07,31
1381,2016-10-05 07:07,85
1382,2017-04-28 23:16,755
1383,2017-02-03 04:11,1200
1384,2016-09-17 18:26,1841
1385,2017-04-24 14:43,553
1386,2017-10-30 23:25,302
1387,2017-10-16 07:32,947
1388,2016-11-16 22:45,658
1389,2017-09-10 14:24,1529
1390,2017-02-10 18:45,1477
1391,2016-12-09 01:58,325
1392,2017-06-04 05:00,234
1393,2016-09-24 07:16,286
1394,2016-05-14 06:51,1480
1395,2016-07-31 09:30,1307
1396,2016-04-29 20:35,1679
1397,2016-11-19 06:47,1152
1398,2017-09-27 19:57,234
1399,2016-12-09 21:26,1647
1400,2016-04-05 13:34,1745
1401,2017-03-18 12:39,1525
1402,2017-07-20 04:44,39
1403,2016-01-04 14:52,333
1404,2017-08-28 14:50,1980
1405,2017-03-28 01:31,353
1406,2016-02-29 10:12,1184
1407,2017-11-05 23:49,1146
1408,2017-12-03 21:48,1938
1409,2016-12-08 22:14,616
1410,2017-09-30 23:51,1135
1411,2016-11-01 03:50,1494
1412,2016-04-29 06:29,1813
1413,2017-04-21 07:56,735
1414,2016-04-27 06:20,1800
1415,2016-03-23 18:33,723
1416,2016-05-09 18:20,220
1417,2017-02-01 14:26,1764
1418,2016-08-30 23:35,637
1419,2017-10-05 14:49,1828
1420,2017-04-29 07:37,1467
1421,2017-12-14 17:44,333
1422,2016-08-07 23:03,1393
1423,2017-05-27 22:28,1187
1424,2016-08-09 23:32,999
1425,2017-05-17 11:06,109
1426,2016-10-05 14:57,634
1427,2017-06-23 21:41,1508
1428,2016-07-29 12:11,1028
1429,2016-03-22 02:22,124
1430,2016-03-28 14:16,123
1431,2017-06-05 14:08,156
1432,2016-07-22 22:25,1917
1433,2017-02-22 06:06,293
1434,2016-12-20 01:28,1854
1435,2017-11-29 22:58,1121
1436,2016-05-28 10:12,1960
1437,2016-05-29 03:16,483
1438,2016-03-08 13:18,239
1439,2016-04-19 22:02,1607
1440,2017-10-08 19:18,540
1441,2016-12-05 11:11,369
1442,2016-10-05 05:21,657
1443,2016-05-04 11:59,1674
1444,2017-06-01 01:45,1755
1445,2016-01-04 07:07,846
1446,2016-03-24 19:35,1806
1447,2016-05-08 13:01,1781
1448,2016-10-21 11:51,505
1449,2016-10-09 02:59,1297
1450,2017-04-17 01:23,1120
1451,2016-10-24 06:23,1151
1452,2016-12-06 10:38,310
1453,2016-11-27 22:17,1825
1454,2017-09-21 09:21,481
1455,2016-08-04 09:16,1933
1456,2017-07-10 19:41,1722
1457,2016-09-22 03:27,891
1458,2016-11-25 03:49,454
1459,2017-10-10 17:54,872
1460,2017-02-01 21:53,1621
1461,2016-09-29 05:13,962
1462,2016-04-13 04:27,311
1463,2016-06-03 21:23,1771
1464,2016-10-13 12:03,1641
1465,2017-03-18 18:04,107
1466,2016-05-22 07:19,1600
1467,2017-11-08 10:17,892
1468,2016-04-16 23:39,1348
1469,2017-06-29 06:21,942
1470,2016-03-17 00:22,1995
1471,2017-07-26 06:56,970
1472,2016-05-22 17:13,3
1473,2017-08-30 07:45,1997
1474,2016-12-19 03:45,1196
1475,2016-01-14 13:50,1821
1476,2016-07-10 12:51,1631
1477,2017-03-22 22:08,1757
1478,2016-12-02 09:12,1546
1479,2017-01-26 05:39,503
1480,2016-04-30 14:26,726
1481,2017-09-03 13:31,126
1482,2016-12-04 08:28,1869
1483,2017-11-29 13:52,1289
1484,2017-06-13 01:48,1751
1485,2017-09-01 07:10,1599
1486,2017-11-12 10:42,1100
1487,2017-09-27 06:38,255
1488,2016-10-24 02:44,1654
1489,2016-01-03 13:27,963
1490,2017-03-29 08:40,1347
1491,2016-11-14 14:10,695
1492,2017-02-27 05:16,382
1493,2016-05-16 05:16,1218
1494,2017-11-28 21:53,218
1495,2017-07-22 10:35,369
1496,2017-07-08 09:39,1666
1497,2017-02-22 23:19,1796
1498,2016-02-08 14:00,1084
1499,2017-02-20 11:14,1262
1500,2017-04-26 11:59,1293
1501,2016-08-29 14:45,408
1502,2016-03-12 01:30,1103
1503,2017-10-20 01:47,1139
1504,2017-03-13 15:08,1743
1505,2017-05-23 09:48,1043
1506,2016-03-22 16:19,119
1507,2017-10-12 00:26,1133
1508,2016-03-20 09:32,1018
1509,2016-12-08 01:08,447
1510,2017-01-02 14:26,1363
1511,2017-11-29 08:56,482
1512,2016-09-18 15:03,1039
1513,2016-06-13 18:51,1833
1514,2016-02-15 07:27,803
1515,2017-11-07 02:27,377
1516,2017-06-25 07:49,716
1517,2017-11-14 07:40,586
1518,2016-05-05 06:02,1649
1519,2017-10-23 01:14,1430
1520,2017-04-01 01:22,1891
1521,2016-09-25 06:26,69
1522,2016-02-04 14:20,971
1523,2017-02-06 08:41,265
1524,2017-11-17 05:12,1414
1525,2016-09-17 16:24,1677
1526,2017-06-11 04:31,1730
1527,2016-04-14 04:42,1
1528,2017-07-02 20:42,1907
1529,2016-05-28 18:43,1350
1530,2017-11-06 01:53,1825
1531,2016-03-16 08:41,421
1532,2017-01-18 15:18,1342
1533,2017-12-19 02:28,237
1534,2017-09-01 05:45,614
1535,2017-04-03 01:47,1083
1536,2017-05-13 21:45,1290
1537,2016-07-16 16:35,153
1538,2016-06-07 17:50,1327
1539,2016-09-12 21:20,1176
1540,2016-07-20 19:03,1305
1541,2016-08-12 17:30,1855
1542,2016-10-25 03:39,1237
1543,2016-02-13 03:49,1784
1544,2017-07-31 18:53,1711
1545,2016-03-10 06:12,1665
1546,2017-12-10 23:37,284
1547,2017-10-30 21:41,897
1548,2017-04-03 21:13,1209
1549,2016-09-03 19:09,157
1550,2017-02-02 06:39,1484
1551,2016-06-26 06:47,208
1552,2016-01-17 15:38,1746
1553,2016-02-23 20:42,120
1554,2016-01-24 15:59,1737
1555,2017-11-13 17:33,1514
1556,2016-10-26 22:57,1166
1557,2017-05-19 18:16,1977
1558,2017-01-17 18:34,1642
1559,2017-04-28 19:20,1846
1560,2017-09-20 11:20,1063
1561,2016-08-23 22:31,1184
1562,2017-01-12 21:09,1906
1563,2016-05-12 05:28,211
1564,2016-08-21 13:50,487
1565,2017-11-05 17:46,1846
1566,2016-07-29 13:19,899
1567,2016-03-16 08:58,865
1568,2017-08-15 20:09,1173
1569,2016-10-10 06:22,245
1570,2017-08-08 00:18,1860
1571,2017-03-24 20:32,283
1572,2016-11-12 07:34,29
1573,2016-03-30 12:07,1258
1574,2016-01-23 09:54,70
1575,2017-09-09 12:22,1279
1576,2016-06-03 21:17,1690
1577,2017-07-12 23:41,629
1578,2017-02-19 06:20,439
1579,2016-06-20 21:59,163
1580,2017-04-23 06:38,1065
1581,2017-03-22 00:41,1235
1582,2017-06-18 22:07,174
1583,2016-08-08 11:09,839
1584,2016-05-24 23:56,248
1585,2016-05-26 04:51,55
1586,2016-05-06 20:22,1809
1587,2017-11-11 14:51,1343
1588,2017-06-19 23:05,1535
1589,2017-11-13 05:55,86
1590,2016-05-01 09:01,44
1591,2016-12-30 05:21,1348
1592,2017-11-13 12:23,1592
1593,2016-03-14 05:46,20
1594,2017-06-17 07:26,237
1595,2016-10-04 19:39,1443
1596,2016-03-08 07:09,762
1597,2017-11-09 22:17,524
1598,2017-08-14 20:05,291
1599,2017-10-26 14:50,1470
1600,2016-03-14 17:56,1074
1601,2017-03-12 15:51,1539
1602,2017-03-07 16:04,1607
1603,2017-05-29 22:01,196
1604,2016-12-13 21:34,1944
1605,2017-08-26 07:24,1447
1606,2016-07-23 16:49,1610
1607,2016-03-05 03:36,1455
1608,2017-02-12 01:10,1301
1609,2017-08-27 10:30,950
1610,2016-07-03 06:02,548
1611,2017-11-28 20:15,175
1612,2016-02-08 15:06,572
1613,2017-07-15 07:11,1937
1614,2017-06-07 22:40,1528
1615,2017-03-04 16:52,1211
1616,2016-02-20 17:27,1651
1617,2016-04-15 18:47,316
1618,2016-06-20 20:13,692
1619,2017-04-20 23:12,1696
1620,2016-04-30 16:29,338
1621,2017-04-19 08:18,7
1622,2017-08-02 23:51,1001
1623,2017-07-26 03:46,1035
1624,2016-09-23 17:41,724
1625,2016-03-24 08:42,1598
1626,2017-02-20 07:29,986
1627,2016-03-11 13:28,23
1628,2016-12-23 19:54,632
1629,2017-05-01 02:15,895
1630,2016-10-31 15:54,1979
1631,2016-10-24 21:04,1480
1632,2016-12-03 16:43,717
1633,2017-11-06 19:24,1649
1634,2017-01-12 23:46,1406
1635,2017-03-28 16:45,706
1636,2017-12-12 18:56,846
1637,2016-06-27 03:29,100
1638,2016-05-28 12:28,882
1639,2017-01-05 18:45,981
1640,2017-03-03 18:58,393
1641,2017-05-08 12:57,704
1642,2016-08-12 07:29,193
1643,2016-07-18 08:51,1781
1644,2017-12-17 22:16,468
1645,2017-10-07 19:35,420
1646,2017-01-22 05:30,946
1647,2017-10-17 14:12,1783
1648,2017-07-13 10:41,1925
1649,2017-08-28 18:39,978
1650,2016-05-02 00:05,645
1651,2017-03-09 12:32,149
1652,2017-12-10 17:02,95
1653,2017-05-29 02:54,1254
1654,2017-10-30 20:11,146
1655,2017-12-16 15:33,1553
1656,2016-10-05 22:18,1409
1657,2016-01-19 22:20,1611
1658,2016-07-28 23:36,1783
1659,2017-03-15 17:26,993
1660,2016-10-02 10:39,300
1661,2017-09-18 21:59,378
1662,2016-02-12 14:33,169
1663,2016-08-03 06:09,1612
1664,2017-05-01 11:39,294
1665,2016-10-03 02:24,617
1666,2016-02-12 22:13,662
1667,2017-06-06 23:24,1418
1668,2016-10-31 04:47,86
1669,2016-05-07 18:29,1531
1670,2017-04-19 16:52,1989
1671,2016-10-23 18:27,671
1672,2017-09-04 01:32,1977
1673,2016-11-27 10:39,212
1674,2017-08-18 05:48,284
1675,2016-06-15 00:19,229
1676,2017-12-19 09:02,1467
1677,2017-01-01 12:45,1111
1678,2017-09-29 09:57,1880
1679,2016-09-01 13:34,1156
1680,2016-02-22 01:05,1981
1681,2016-11-12 05:44,105
1682,2017-02-09 18:12,1426
1683,2016-10-28 00:07,1105
1684,2016-07-16 19:53,941
1685,2017-01-30 08:28,1092
1686,2017-10-12 23:12,1652
1687,2017-07-16 17:28,1894
1688,2017-01-01 19:03,366
1689,2016-11-24 08:51,205
1690,2016-11-09 23:12,132
1691,2016-01-08 22:47,712
1692,2017-10-23 22:50,240
1693,2017-10-22 06:13,1238
1694,2017-11-13 08:52,1645
1695,2016-07-03 14:08,387
1696,2016-01-24 15:11,1325
1697,2016-02-15 21:27,884
1698,2016-08-20 23:04,772
1699,2016-08-26 03:10,661
1700,2017-07-19 04:28,1519
1701,2016-10-26 17:06,1806
1702,2016-11-07 15:31,643
1703,2017-06-11 23:43,1978
1704,2017-05-07 03:57,528
1705,2016-06-07 03:32,951
1706,2017-12-10 19:57,1766
1707,2016-07-23 13:52,1857
1708,2017-10-10 13:16,95
1709,2016-07-19 03:57,475
1710,2016-08-15 12:49,1420
1711,2016-12-20 22:23,1909
1712,2016-11-19 19:44,1989
1713,2016-03-12 11:25,998
1714,2016-04-24 20:32,642
1715,2017-03-30 08:18,443
1716,2016-11-12 22:07,1644
1717,2017-08-10 04:59,1933
1718,2017-12-10 23:41,759
1719,2017-09-10 16:47,1673
1720,2016-07-20 20:09,1360
1721,2017-11-07 20:45,1079
1722,2016-06-04 14:43,1269
1723,2017-03-27 07:35,713
1724,2016-07-12 21:59,724
1725,2017-10-12 12:28,1513
1726,2017-09-05 22:51,1508
1727,2016-08-20 22:47,1409
1728,2017-01-11 20:27,1988
1729,2016-04-27 22:13,1732
1730,2016-02-18 22:20,1332
1731,2017-10-09 02:36,395
1732,2017-12-15 19:17,1796
1733,2017-03-05 12:21,1493
1734,2017-06-02 02:59,107
1735,2016-06-15 04:30,1504
1736,2017-12-03 11:43,969
1737,2017-12-12 07:35,815
1738,2016-12-10 21:10,1212
1739,2017-04-11 08:17,1120
1740,2017-09-23 06:39,1461
1741,2017-10-21 21:34,1347
1742,2017-03-28 02:28,1147
1743,2017-06-04 04:47,1093
1744,2017-06-05 13:37,1339
1745,2017-02-07 12:41,1327
1746,2017-09-18 12:45,673
1747,2016-05-14 15:59,696
1748,2016-05-28 04:55,62
1749,2016-12-20 17:13,534
1750,2016-11-12 18:52,1777
1751,2017-09-15 22:54,1418
1752,2016-01-10 21:53,15
1753,2017-02-02 08:07,1912
1754,2016-05-11 23:15,285
1755,2017-10-14 19:49,377
1756,2017-04-25 07:26,120
1757,2016-02-22 02:54,1605
1758,2016-02-06 19:39,125
1759,2017-09-19 15:30,420
1760,2017-04-07 00:58,409
1761,2016-12-26 09:28,346
1762,2016-06-27 19:29,705
1763,2017-03-31 23:45,1536
1764,2017-03-15 06:39,127
1765,2017-06-26 18:16,74
1766,2017-02-04 21:44,916
1767,2016-08-11 06:03,1321
1768,2017-03-19 04:19,725
1769,2016-12-06 07:12,1274
1770,2016-12-26 06:42,977
1771,2016-02-11 19:31,267
1772,2017-06-12 12:36,649
1773,2016-10-27 23:56,227
1774,2017-08-24 11:08,818
1775,2016-08-08 06:31,847
1776,2016-09-06 05:31,116
1777,2016-04-26 12:11,650
1778,2017-05-18 20:40,228
1779,2016-03-29 14:16,1205
1780,2016-12-24 21:02,1803
1781,2016-10-07 12:32,1645
1782,2016-02-18 00:10,1097
1783,2016-12-22 18:51,928
1784,2017-05-27 23:27,786
1785,2017-06-03 18:38,1688
1786,2017-08-10 10:33,99
1787,2017-02-25 18:00,512
1788,2017-04-26 10:26,1489
1789,2017-09-19 16:12,1869
1790,2016-12-06 16:30,1841
1791,2017-01-29 08:40,275
1792,2017-09-11 07:46,1
1793,2017-05-29 19:46,573
1794,2017-08-24 18:23,1902
1795,2017-02-26 11:55,916
1796,2017-06-10 03:36,253
1797,2016-10-17 06:57,524
1798,2016-01-25 14:50,729
1799,2017-09-28 22:18,1058
1800,2017-10-26 21:45,765
1801,2017-07-20 05:59,597
1802,2017-02-26 08:14,937
1803,2016-04-04 00:48,6
1804,2016-01-13 01:36,1600
1805,2016-01-24 22:35,615
1806,2016-03-31 07:52,1138
1807,2017-11-19 23:48,809
1808,2016-01-24 05:28,535
1809,2016-06-24 18:33,285
1810,2017-12-08 18:07,110
1811,2017-08-15 10:05,1477
1812,2017-10-03 23:12,1801
1813,2017-10-29 22:22,1301
1814,2016-02-02 12:06,766
1815,2016-12-10 22:04,1856
1816,2017-07-12 23:19,1857
1817,2017-10-28 12:17,381
1818,2017-04-03 12:44,1371
1819,2016-12-09 10:22,1653
1820,2016-06-27 13:26,102
1821,2017-09-02 20:45,1958
1822,2016-07-19 14:46,108
1823,2017-03-21 07:55,689
1824,2016-08-05 12:19,1828
1825,2016-11-07 17:35,146
1826,2017-01-14 10:34,920
1827,2016-11-03 12:59,657
1828,2016-10-12 02:02,1110
1829,2017-09-19 16:25,243
1830,2016-09-14 23:03,1639
1831,2017-08-15 06:30,641
1832,2016-08-08 20:05,148
1833,2017-03-28 05:11,1949
1834,2016-03-09 14:44,234
1835,2016-08-15 12:38,210
1836,2016-03-25 22:44,220
1837,2016-02-11 03:30,68
1838,2017-11-06 16:46,979
1839,2017-07-02 07:55,1132
1840,2016-04-15 18:55,1249
1841,2016-03-07 03:33,1344
1842,2017-10-20 18:57,1679
1843,2017-12-20 21:33,1240
1844,2017-03-23 04:18,342
1845,2017-07-27 19:26,25
1846,2016-12-22 00:49,1232
1847,2016-03-31 18:19,1787
1848,2016-03-13 04:49,186
1849,2017-10-15 01:38,638
1850,2016-08-19 04:50,1959
1851,2016-05-04 06:47,1015
1852,2016-05-25 13:29,1252
1853,2017-10-24 11:30,1508
1854,2016-01-07 14:55,1485
1855,2017-01-19 05:46,1238
1856,2017-12-20 06:44,253
1857,2016-10-19 22:09,55
1858,2016-01-14 22:21,291
1859,2016-07-30 21:39,423
1860,2016-05-17 05:29,1936
1861,2017-04-25 03:27,857
1862,2017-10-18 14:35,961
1863,2016-08-25 17:50,1748
1864,2016-03-27 04:47,1112
1865,2017-01-04 19:42,1952
1866,2016-01-22 00:01,90
1867,2017-07-13 11:29,987
1868,2017-07-25 21:45,230
1869,2016-12-13 20:59,1797
1870,2016-04-29 15:33,1306
1871,2016-02-09 07:41,1389
1872,2017-11-24 09:26,833
1873,2017-01-19 04:05,33
1874,2017-08-12 06:34,160
1875,2017-11-16 07:58,1897
1876,2017-11-22 16:46,977
1877,2017-02-09 17:28,727
1878,2016-05-07 15:41,1770
1879,2016-01-21 04:19,1207
1880,2016-09-15 03:10,1680
1881,2017-01-17 05:22,1507
1882,2016-06-19 15:06,1184
1883,2016-06-25 19:49,1024
1884,2017-04-22 17:21,1226
1885,2016-10-24 18:01,1733
1886,2017-12-13 23:59,189
1887,2016-07-28 17:37,291
1888,2017-07-23 16:55,658
1889,2016-06-27 07:25,870
1890,2017-10-01 04:45,1603
1891,2016-10-12 11:37,1725
1892,2017-05-01 14:45,260
1893,2017-05-30 07:43,1613
1894,2017-01-01 23:02,1469
1895,2016-08-11 03:53,1137
1896,2017-08-29 13:58,892
1897,2017-01-19 16:21,1945
1898,2016-07-11 15:20,1274
1899,2017-05-23 07:22,37
1900,2017-11-16 01:46,1389
1901,2017-11-30 17:10,792
1902,2017-07-05 04:19,784
1903,2017-07-13 02:53,588
1904,2016-06-01 20:19,1204
1905,2016-01-16 02:30,1548
1906,2016-06-21 06:32,262
1907,2017-08-25 01:43,1653
1908,2017-08-18 13:22,42
1909,2016-01-26 22:56,697
1910,2017-08-15 22:13,244
1911,2016-09-30 08:58,902
1912,2017-07-22 02:27,1672
1913,2017-10-08 01:20,322
1914,2016-09-17 13:19,979
1915,2016-08-08 12:34,230
1916,2016-11-12 11:42,1783
1917,2017-10-16 19:33,711
1918,2017-07-02 16:02,1740
1919,2017-02-20 11:21,1549
1920,2017-01-09 21:36,561
1921,2016-05-19 17:02,470
1922,2016-12-07 03:36,263
1923,2017-02-11 23:01,492
1924,2017-06-26 09:49,1071
1925,2016-05-16 15:40,1862
1926,2017-08-11 13:33,678
1927,2017-02-25 10:33,321
1928,2016-01-17 18:46,767
1929,2016-06-28 21:15,276
1930,2017-01-04 08:48,83
1931,2016-10-14 17:09,1375
1932,2017-01-18 15:41,787
1933,2016-12-23 21:18,1442
1934,2016-05-01 01:09,73
1935,2016-10-14 03:42,366
1936,2016-06-28 13:23,90
1937,2017-08-16 12:51,1844
1938,2016-11-05 04:49,1022
1939,2017-05-15 07:08,1005
1940,2016-06-22 21:24,278
1941,2017-03-11 04:06,1013
1942,2016-05-24 13:18,462
1943,2017-10-22 21:31,718
1944,2016-11-09 21:06,431
1945,2016-04-08 11:42,539
1946,2016-05-24 00:53,1440
1947,2016-01-18 20:54,1582
1948,2017-02-21 03:32,1886
1949,2016-06-04 01:18,1029
1950,2017-08-21 17:13,269
1951,2017-04-17 16:42,561
1952,2017-11-14 00:01,1329
1953,2016-03-31 14:53,292
1954,2016-04-02 08:50,106
1955,2016-12-04 14:07,767
1956,2016-02-28 01:42,601
1957,2017-11-24 06:18,1529
1958,2017-06-07 15:16,505
1959,2016-12-11 15:36,1011
1960,2017-01-28 00:41,672
1961,2017-01-11 00:29,666
1962,2016-12-16 04:30,1742
1963,2016-03-11 21:29,1525
1964,2016-02-22 17:32,1729
1965,2017-05-07 05:52,1553
1966,2016-04-20 06:58,1658
1967,2017-02-05 19:55,1312
1968,2016-10-14 18:44,928
1969,2017-06-29 05:46,436
1970,2016-08-10 19:57,1771
1971,2017-02-01 01:54,1622
1972,2016-05-07 17:26,1772
1973,2016-04-02 19:51,1587
1974,2017-11-15 22:35,829
1975,2017-11-27 11:25,1156
1976,2016-10-11 11:54,1158
1977,2017-08-24 16:49,731
1978,2016-11-28 21:08,1251
1979,2016-06-29 22:41,721
1980,2016-05-31 16:34,1272
1981,2016-06-12 20:35,845
1982,2017-09-22 02:15,1345
1983,2017-08-07 16:16,1095
1984,2017-11-19 04:12,1355
1985,2016-08-07 20:33,1845
1986,2017-11-19 05:27,336
1987,2017-12-01 23:55,828
1988,2017-10-27 18:12,1635
1989,2016-02-19 23:26,1353
1990,2017-08-09 02:25,866
1991,2017-10-30 12:58,1974
1992,2017-11-14 17:55,1675
1993,2016-06-10 15:51,1737
1994,2016-10-16 05:05,103
1995,2016-12-27 12:35,721
1996,2017-03-30 12:32,99
1997,2016-03-05 22:51,819
1998,2017-03-06 21:46,525
1999,2016-11-23 02:07,1145
2000,2016-06-04 02:47,508
