SightingID,HeroID
1,14
2,14
3,1
4,8
5,1
6,16
7,16
8,3
9,17
10,3
11,16
12,11
13,17
14,17
15,10
16,9
17,2
18,2
19,15
20,8
21,14
22,1
23,9
24,4
25,10
26,9
27,10
28,2
29,9
30,12
31,17
32,13
33,8
34,4
35,15
36,9
37,6
38,5
39,4
40,4
41,17
42,4
43,17
44,6
45,5
46,13
47,11
48,13
49,7
50,4
51,7
52,9
53,3
54,8
55,4
56,16
57,16
58,4
59,2
60,3
61,3
62,17
63,14
64,1
65,11
66,9
67,9
68,10
69,16
70,1
71,11
72,4
73,13
74,1
75,13
76,7
77,13
78,17
79,7
80,14
81,11
82,13
83,3
84,15
85,5
86,3
87,5
88,14
89,8
90,12
91,12
92,1
93,15
94,9
95,17
96,14
97,2
98,13
99,7
100,11
101,17
102,13
103,15
104,11
105,7
106,13
107,2
108,1
109,14
110,11
111,1
112,11
113,5
114,7
115,17
116,12
117,3
118,10
119,16
120,6
121,14
122,4
123,15
124,9
125,2
126,13
127,10
128,10
129,5
130,1
131,16
132,13
133,12
134,2
135,6
136,4
137,14
138,10
139,15
140,12
141,3
142,2
143,5
144,4
145,7
146,7
147,7
148,16
149,4
150,14
151,3
152,3
153,14
154,1
155,8
156,4
157,9
158,3
159,10
160,10
161,4
162,11
163,17
164,17
165,11
166,16
167,7
168,16
169,16
170,1
171,9
172,9
173,6
174,15
175,8
176,2
177,4
178,2
179,1
180,9
181,13
182,2
183,8
184,17
185,5
186,15
187,16
188,5
189,6
190,16
191,4
192,11
193,9
194,9
195,14
196,12
197,17
198,6
199,5
200,5
201,11
202,14
203,3
204,9
205,12
206,9
207,14
208,9
209,3
210,8
211,14
212,7
213,5
214,10
215,15
216,9
217,17
218,13
219,9
220,1
221,15
222,4
223,7
224,14
225,6
226,8
227,17
228,2
229,17
230,5
231,6
232,11
233,9
234,2
235,5
236,9
237,2
238,16
239,5
240,15
241,3
242,2
243,15
244,6
245,4
246,10
247,7
248,2
249,5
250,9
251,9
252,5
253,3
254,14
255,4
256,11
257,6
258,4
259,8
260,3
261,4
262,6
263,1
264,15
265,11
266,14
267,2
268,6
269,16
270,3
271,4
272,8
273,11
274,5
275,6
276,9
277,1
278,9
279,9
280,2
281,17
282,13
283,9
284,6
285,15
286,6
287,1
288,10
289,17
290,13
291,13
292,10
293,17
294,3
295,10
296,2
297,8
298,7
299,7
300,13
301,3
302,13
303,16
304,13
305,9
306,2
307,17
308,6
309,2
310,3
311,3
312,4
313,7
314,9
315,14
316,15
317,5
318,3
319,4
320,13
321,9
322,8
323,12
324,9
325,15
326,11
327,12
328,15
329,3
330,9
331,2
332,4
333,16
334,8
335,10
336,15
337,13
338,11
339,1
340,14
341,11
342,6
343,12
344,15
345,6
346,17
347,15
348,1
349,1
350,16
351,6
352,6
353,9
354,7
355,1
356,17
357,11
358,17
359,14
360,3
361,8
362,17
363,11
364,10
365,14
366,17
367,6
368,15
369,15
370,15
371,6
372,7
373,7
374,8
375,3
376,3
377,2
378,11
379,14
380,13
381,12
382,17
383,2
384,9
385,11
386,7
387,2
388,7
389,16
390,13
391,12
392,9
393,6
394,16
395,2
396,17
397,9
398,11
399,5
400,9
401,2
402,10
403,14
404,17
405,9
406,2
407,1
408,8
409,16
410,12
411,15
412,4
413,4
414,3
415,14
416,9
417,9
418,17
419,12
420,4
421,8
422,2
423,7
424,2
425,12
426,15
427,16
428,5
429,2
430,15
431,8
432,1
433,9
434,10
435,10
436,1
437,6
438,3
439,3
440,6
441,13
442,5
443,17
444,3
445,12
446,7
447,12
448,5
449,2
450,12
451,5
452,9
453,11
454,13
455,5
456,4
457,8
458,2
459,4
460,11
461,17
462,11
463,12
464,16
465,12
466,14
467,7
468,14
469,9
470,13
471,5
472,7
473,10
474,2
475,4
476,13
477,11
478,6
479,3
480,4
481,7
482,9
483,10
484,12
485,17
486,3
487,11
488,11
489,8
490,3
491,14
492,13
493,1
494,4
495,4
496,11
497,15
498,15
499,2
500,9
501,16
502,10
503,3
504,16
505,8
506,11
507,2
508,7
509,1
510,5
511,12
512,11
513,3
514,8
515,4
516,4
517,12
518,16
519,1
520,6
521,3
522,14
523,4
524,1
525,12
526,7
527,13
528,1
529,5
530,4
531,1
532,12
533,4
534,1
535,17
536,12
537,1
538,3
539,13
540,9
541,6
542,2
543,3
544,10
545,5
546,3
547,15
548,1
549,3
550,17
551,10
552,5
553,15
554,15
555,13
556,9
557,17
558,14
559,4
560,4
561,14
562,10
563,14
564,11
565,4
566,2
567,1
568,2
569,7
570,12
571,7
572,16
573,10
574,4
575,3
576,4
577,9
578,2
579,1
580,13
581,4
582,15
583,4
584,11
585,9
586,11
587,16
588,8
589,13
590,5
591,1
592,6
593,3
594,11
595,6
596,15
597,11
598,1
599,4
600,12
601,11
602,10
603,16
604,4
605,2
606,6
607,2
608,3
609,9
610,16
611,13
612,4
613,5
614,6
615,7
616,7
617,6
618,5
619,2
620,4
621,2
622,1
623,10
624,11
625,14
626,12
627,17
628,11
629,13
630,11
631,17
632,6
633,12
634,17
635,12
636,8
637,9
638,7
639,14
640,16
641,10
642,10
643,7
644,5
645,10
646,11
647,12
648,1
649,5
650,10
651,10
652,12
653,17
654,3
655,10
656,5
657,17
658,10
659,5
660,6
661,12
662,16
663,8
664,2
665,6
666,3
667,6
668,7
669,8
670,5
671,12
672,7
673,4
674,16
675,14
676,11
677,6
678,2
679,3
680,17
681,13
682,14
683,6
684,5
685,9
686,16
687,2
688,5
689,2
690,9
691,7
692,5
693,11
694,6
695,1
696,1
697,3
698,5
699,8
700,10
701,17
702,3
703,10
704,16
705,13
706,9
707,17
708,14
709,2
710,2
711,15
712,4
713,9
714,1
715,16
716,5
717,1
718,15
719,10
720,7
721,16
722,5
723,13
724,17
725,12
726,15
727,6
728,2
729,2
730,1
731,17
732,12
733,16
734,15
735,1
736,15
737,6
738,9
739,3
740,10
741,6
742,11
743,17
744,17
745,15
746,12
747,11
748,11
749,5
750,6
751,17
752,6
753,13
754,12
755,5
756,14
757,10
758,13
759,5
760,16
761,9
762,16
763,13
764,16
765,16
766,5
767,11
768,4
769,1
770,13
771,4
772,12
773,14
774,3
775,15
776,4
777,8
778,7
779,6
780,6
781,3
782,11
783,2
784,5
785,2
786,14
787,3
788,1
789,10
790,9
791,15
792,11
793,16
794,15
795,2
796,1
797,12
798,5
799,15
800,2
801,17
802,4
803,1
804,14
805,13
806,14
807,14
808,14
809,16
810,6
811,16
812,3
813,1
814,6
815,1
816,13
817,8
818,9
819,7
820,3
821,15
822,16
823,2
824,13
825,2
826,17
827,16
828,6
829,11
830,17
831,10
832,15
833,7
834,11
835,17
836,10
837,12
838,10
839,2
840,2
841,14
842,17
843,9
844,11
845,6
846,17
847,12
848,2
849,5
850,3
851,6
852,7
853,1
854,14
855,5
856,3
857,2
858,16
859,6
860,17
861,14
862,11
863,8
864,10
865,3
866,11
867,6
868,17
869,6
870,15
871,8
872,16
873,11
874,13
875,10
876,1
877,7
878,4
879,16
880,15
881,3
882,7
883,15
884,14
885,15
886,6
887,2
888,12
889,10
890,10
891,14
892,10
893,3
894,12
895,4
896,7
897,7
898,11
899,2
900,4
901,8
902,12
903,15
904,5
905,7
906,5
907,15
908,10
909,8
910,9
911,1
912,10
913,2
914,9
915,17
916,1
917,3
918,3
919,2
920,14
921,5
922,17
923,2
924,2
925,10
926,8
927,11
928,8
929,16
930,12
931,11
932,14
933,14
934,5
935,2
936,16
937,2
938,5
939,8
940,9
941,9
942,11
943,12
944,15
945,12
946,5
947,2
948,15
949,13
950,6
951,15
952,16
953,3
954,7
955,11
956,16
957,2
958,8
959,11
960,2
961,17
962,16
963,9
964,2
965,14
966,7
967,5
968,12
969,7
970,16
971,3
972,14
973,11
974,1
975,5
976,14
977,3
978,11
979,1
980,17
981,8
982,9
983,14
984,17
985,14
986,16
987,4
988,6
989,10
990,4
991,6
992,5
993,1
994,2
995,9
996,7
997,13
998,14
999,14
1000,12
1001,13
1002,8
1003,4
1004,5
1005,4
1006,15
1007,9
1008,8
1009,11
1010,1
1011,12
1012,9
1013,9
1014,11
1015,12
1016,12
1017,14
1018,1
1019,7
1020,5
1021,15
1022,8
1023,3
1024,6
1025,1
1026,15
1027,1
1028,12
1029,5
1030,4
1031,11
1032,11
1033,7
1034,9
1035,15
1036,16
1037,14
1038,6
1039,7
1040,15
1041,5
1042,16
1043,9
1044,13
1045,1
1046,14
1047,9
1048,16
1049,4
1050,5
1051,9
1052,17
1053,5
1054,5
1055,4
1056,14
1057,3
1058,8
1059,4
1060,5
1061,11
1062,13
1063,11
1064,15
1065,14
1066,5
1067,11
1068,2
1069,17
1070,15
1071,7
1072,7
1073,7
1074,3
1075,9
1076,5
1077,12
1078,5
1079,1
1080,17
1081,9
1082,4
1083,6
1084,7
1085,1
1086,11
1087,8
1088,14
1089,6
1090,11
1091,9
1092,1
1093,15
1094,7
1095,11
1096,5
1097,11
1098,11
1099,10
1100,2
1101,4
1102,1
1103,7
1104,10
1105,13
1106,17
1107,7
1108,3
1109,12
1110,1
1111,17
1112,8
1113,12
1114,8
1115,13
1116,12
1117,4
1118,16
1119,3
1120,10
1121,13
1122,11
1123,6
1124,6
1125,8
1126,10
1127,13
1128,8
1129,13
1130,3
1131,7
1132,7
1133,7
1134,6
1135,5
1136,13
1137,1
1138,14
1139,9
1140,4
1141,6
1142,14
1143,17
1144,12
1145,6
1146,5
1147,8
1148,7
1149,3
1150,15
1151,12
1152,4
1153,1
1154,15
1155,7
1156,16
1157,9
1158,5
1159,17
1160,8
1161,6
1162,15
1163,1
1164,15
1165,8
1166,6
1167,5
1168,17
1169,15
1170,11
1171,11
1172,17
1173,17
1174,7
1175,1
1176,7
1177,6
1178,7
1179,5
1180,8
1181,6
1182,13
1183,16
1184,1
1185,1
1186,6
1187,16
1188,4
1189,16
1190,11
1191,10
1192,14
1193,5
1194,9
1195,8
1196,12
1197,17
1198,2
1199,7
1200,17
1201,9
1202,11
1203,17
1204,6
1205,14
1206,8
1207,5
1208,17
1209,13
1210,9
1211,14
1212,16
1213,11
1214,11
1215,4
1216,14
1217,15
1218,9
1219,6
1220,5
1221,16
1222,3
1223,11
1224,14
1225,9
1226,9
1227,3
1228,4
1229,9
1230,13
1231,15
1232,14
1233,16
1234,10
1235,5
1236,10
1237,8
1238,6
1239,14
1240,9
1241,3
1242,8
1243,12
1244,1
1245,14
1246,17
1247,13
1248,6
1249,3
1250,15
1251,5
1252,8
1253,16
1254,16
1255,14
1256,11
1257,17
1258,17
1259,14
1260,2
1261,13
1262,8
1263,16
1264,3
1265,11
1266,9
1267,14
1268,15
1269,15
1270,10
1271,2
1272,12
1273,17
1274,17
1275,13
1276,15
1277,9
1278,14
1279,5
1280,4
1281,2
1282,7
1283,5
1284,9
1285,13
1286,13
1287,7
1288,13
1289,8
1290,1
1291,2
1292,16
1293,9
1294,9
1295,6
1296,13
1297,2
1298,2
1299,2
1300,13
1301,10
1302,1
1303,8
1304,11
1305,9
1306,17
1307,16
1308,4
1309,8
1310,12
1311,8
1312,16
1313,4
1314,1
1315,14
1316,13
1317,3
1318,15
1319,15
1320,12
1321,16
1322,5
1323,10
1324,1
1325,15
1326,12
1327,14
1328,9
1329,16
1330,14
1331,16
1332,6
1333,4
1334,9
1335,12
1336,15
1337,6
1338,1
1339,13
1340,5
1341,4
1342,8
1343,13
1344,10
1345,2
1346,7
1347,13
1348,2
1349,8
1350,14
1351,1
1352,14
1353,5
1354,13
1355,3
1356,2
1357,1
1358,9
1359,13
1360,5
1361,11
1362,12
1363,3
1364,8
1365,9
1366,4
1367,1
1368,4
1369,4
1370,12
1371,7
1372,5
1373,5
1374,7
1375,2
1376,1
1377,17
1378,6
1379,10
1380,2
1381,13
1382,15
1383,7
1384,13
1385,11
1386,2
1387,12
1388,2
1389,14
1390,13
1391,5
1392,11
1393,13
1394,9
1395,1
1396,11
1397,4
1398,13
1399,16
1400,14
1401,3
1402,3
1403,8
1404,5
1405,15
1406,2
1407,4
1408,12
1409,12
1410,3
1411,12
1412,5
1413,1
1414,16
1415,7
1416,3
1417,4
1418,17
1419,3
1420,9
1421,11
1422,14
1423,7
1424,10
1425,15
1426,16
1427,13
1428,9
1429,14
1430,3
1431,2
1432,8
1433,9
1434,16
1435,1
1436,8
1437,12
1438,3
1439,8
1440,3
1441,16
1442,2
1443,12
1444,3
1445,12
1446,14
1447,9
1448,16
1449,16
1450,12
1451,5
1452,6
1453,3
1454,17
1455,12
1456,17
1457,8
1458,1
1459,12
1460,8
1461,13
1462,7
1463,4
1464,8
1465,14
1466,14
1467,8
1468,10
1469,2
1470,16
1471,14
1472,11
1473,13
1474,7
1475,14
1476,7
1477,8
1478,16
1479,8
1480,14
1481,9
1482,8
1483,6
1484,17
1485,17
1486,7
1487,10
1488,14
1489,15
1490,4
1491,16
1492,10
1493,15
1494,2
1495,15
1496,9
1497,16
1498,11
1499,9
1500,7
1501,17
1502,14
1503,9
1504,6
1505,11
1506,6
1507,2
1508,10
1509,3
1510,7
1511,13
1512,15
1513,14
1514,16
1515,4
1516,5
1517,14
1518,6
1519,14
1520,7
1521,10
1522,3
1523,16
1524,8
1525,2
1526,8
1527,5
1528,17
1529,14
1530,8
1531,9
1532,9
1533,7
1534,2
1535,4
1536,8
1537,15
1538,3
1539,14
1540,7
1541,11
1542,6
1543,17
1544,1
1545,13
1546,16
1547,15
1548,8
1549,2
1550,8
1551,12
1552,7
1553,1
1554,3
1555,7
1556,10
1557,13
1558,8
1559,4
1560,17
1561,17
1562,12
1563,1
1564,2
1565,11
1566,15
1567,15
1568,2
1569,3
1570,9
1571,14
1572,8
1573,15
1574,13
1575,13
1576,14
1577,6
1578,17
1579,7
1580,16
1581,12
1582,2
1583,15
1584,12
1585,15
1586,7
1587,6
1588,4
1589,3
1590,15
1591,2
1592,8
1593,4
1594,15
1595,5
1596,11
1597,1
1598,5
1599,2
1600,6
1601,3
1602,4
1603,3
1604,1
1605,13
1606,7
1607,12
1608,13
1609,15
1610,1
1611,14
1612,14
1613,16
1614,8
1615,6
1616,8
1617,9
1618,16
1619,12
1620,16
1621,7
1622,5
1623,13
1624,7
1625,16
1626,16
1627,6
1628,14
1629,15
1630,10
1631,6
1632,16
1633,3
1634,2
1635,16
1636,16
1637,15
1638,10
1639,6
1640,1
1641,13
1642,1
1643,5
1644,11
1645,12
1646,15
1647,9
1648,15
1649,3
1650,5
1651,17
1652,14
1653,8
1654,9
1655,16
1656,7
1657,16
1658,9
1659,3
1660,4
1661,5
1662,15
1663,4
1664,7
1665,11
1666,8
1667,8
1668,8
1669,8
1670,15
1671,5
1672,8
1673,2
1674,6
1675,16
1676,12
1677,14
1678,3
1679,8
1680,1
1681,17
1682,16
1683,1
1684,14
1685,12
1686,3
1687,1
1688,10
1689,16
1690,15
1691,16
1692,4
1693,6
1694,8
1695,7
1696,15
1697,3
1698,13
1699,2
1700,13
1701,14
1702,5
1703,15
1704,6
1705,5
1706,8
1707,2
1708,4
1709,3
1710,4
1711,4
1712,4
1713,5
1714,11
1715,4
1716,3
1717,7
1718,1
1719,3
1720,6
1721,4
1722,10
1723,16
1724,4
1725,15
1726,3
1727,9
1728,13
1729,16
1730,1
1731,11
1732,14
1733,13
1734,8
1735,9
1736,4
1737,1
1738,16
1739,5
1740,13
1741,11
1742,6
1743,3
1744,15
1745,6
1746,15
1747,2
1748,7
1749,8
1750,2
1751,11
1752,7
1753,11
1754,6
1755,3
1756,9
1757,2
1758,2
1759,6
1760,14
1761,5
1762,16
1763,4
1764,15
1765,6
1766,1
1767,8
1768,10
1769,17
1770,2
1771,5
1772,6
1773,8
1774,11
1775,7
1776,12
1777,6
1778,10
1779,10
1780,4
1781,12
1782,10
1783,15
1784,15
1785,14
1786,15
1787,12
1788,1
1789,14
1790,2
1791,4
1792,3
1793,14
1794,17
1795,1
1796,14
1797,3
1798,7
1799,3
1800,3
1801,2
1802,10
1803,8
1804,1
1805,7
1806,16
1807,3
1808,12
1809,8
1810,5
1811,5
1812,13
1813,3
1814,7
1815,8
1816,10
1817,9
1818,1
1819,2
1820,2
1821,1
1822,3
1823,1
1824,7
1825,8
1826,9
1827,8
1828,16
1829,17
1830,10
1831,14
1832,8
1833,11
1834,15
1835,6
1836,14
1837,16
1838,12
1839,11
1840,3
1841,7
1842,11
1843,11
1844,7
1845,5
1846,4
1847,4
1848,14
1849,2
1850,17
1851,3
1852,6
1853,7
1854,5
1855,15
1856,16
1857,10
1858,7
1859,9
1860,11
1861,4
1862,1
1863,4
1864,3
1865,8
1866,6
1867,9
1868,6
1869,1
1870,10
1871,5
1872,17
1873,11
1874,16
1875,5
1876,14
1877,17
1878,8
1879,15
1880,11
1881,2
1882,9
1883,13
1884,8
1885,5
1886,11
1887,2
1888,10
1889,4
1890,3
1891,17
1892,1
1893,12
1894,3
1895,17
1896,14
1897,11
1898,3
1899,15
1900,10
1901,2
1902,4
1903,13
1904,4
1905,7
1906,6
1907,6
1908,2
1909,10
1910,1
1911,7
1912,13
1913,9
1914,11
1915,1
1916,3
1917,12
1918,2
1919,5
1920,13
1921,14
1922,11
1923,10
1924,7
1925,17
1926,10
1927,8
1928,5
1929,4
1930,16
1931,9
1932,4
1933,4
1934,1
1935,13
1936,4
1937,12
1938,10
1939,8
1940,7
1941,4
1942,8
1943,11
1944,2
1945,12
1946,3
1947,9
1948,15
1949,2
1950,9
1951,3
1952,13
1953,3
1954,5
1955,10
1956,16
1957,2
1958,11
1959,9
1960,7
1961,15
1962,10
1963,11
1964,8
1965,17
1966,12
1967,11
1968,14
1969,3
1970,16
1971,12
1972,8
1973,17
1974,9
1975,15
1976,1
1977,9
1978,5
1979,13
1980,4
1981,5
1982,14
1983,3
1984,15
1985,12
1986,14
1987,12
1988,11
1989,5
1990,5
1991,9
1992,17
1993,12
1994,14
1995,3
1996,12
1997,4
1998,14
1999,8
2000,16
1947,9
1592,11
880,3
1149,4
1271,11
1588,3
769,17
1447,16
643,9
872,9
292,1
145,14
342,1
1621,17
307,13
1395,13
1982,16
42,4
902,2
683,1
487,15
623,5
1251,9
1284,3
416,11
479,12
673,15
1389,16
785,11
1192,9
502,3
1118,17
327,9
1978,5
1543,16
642,9
778,15
710,2
494,13
1512,8
72,10
791,3
352,3
416,3
712,16
1298,4
1170,3
1259,10
1250,17
408,10
153,16
547,7
1107,5
870,8
381,14
236,7
1479,17
933,4
1999,4
1897,13
1677,2
1037,3
264,7
130,10
447,13
1362,13
438,14
178,4
1318,10
1415,15
336,16
1491,12
35,7
685,16
872,5
949,5
1583,1
1019,14
143,9
227,11
921,6
786,17
496,7
229,5
869,7
1868,7
1783,13
1417,1
1783,17
1217,16
1724,16
1170,8
569,15
1592,4
1792,14
934,10
136,4
1464,8
1010,16
942,4
368,10
734,9
178,10
1583,5
1065,17
1815,4
1465,10
961,1
1859,2
748,10
626,13
1862,1
1410,6
1087,5
216,13
65,1
605,14
800,7
704,17
1434,6
723,3
564,8
1078,7
1197,17
1423,3
1529,4
1753,2
786,7
202,16
667,16
1549,11
263,16
1560,6
1928,11
139,5
1768,7
1245,7
1270,16
662,5
13,13
634,1
406,11
430,3
618,16
1650,2
118,7
136,9
1213,9
1064,9
1928,17
1217,6
1158,6
386,5
234,13
1577,17
1472,16
1488,13
1107,17
1220,13
1171,16
1761,13
384,2
1807,8
1541,3
109,10
740,3
362,1
568,2
991,9
1717,5
1801,14
1745,1
941,1
1803,5
1900,13
51,12
242,5
230,11
445,5
372,5
1950,14
1408,10
533,1
1960,15
1730,17
1080,3
187,16
1422,3
804,10
1991,7
1534,9
520,12
1948,16
1839,4
81,1
1803,6
1112,8
939,12
853,9
312,17
1992,6
1007,13
435,15
265,9
741,7
1149,5
1050,3
1784,1
254,10
1293,6
206,9
1750,15
315,7
1453,6
1360,10
1004,17
1484,9
1308,10
854,6
1362,8
1822,8
1185,3
1186,11
1600,15
281,7
217,15
506,10
1145,5
1800,15
1874,1
633,4
709,1
1846,12
986,16
1749,4
1752,9
506,1
1115,12
69,6
1018,13
156,2
81,6
945,15
1144,15
1373,7
648,14
1679,2
159,1
85,1
916,3
389,7
636,5
933,9
1490,5
1285,7
1703,12
1820,4
430,12
549,6
1715,5
1869,11
267,5
185,10
618,5
1212,10
1508,12
816,15
1099,14
1019,17
1361,4
1854,11
593,10
1507,6
1012,1
197,17
1993,17
1751,6
631,6
76,17
425,4
268,9
758,15
149,9
1253,7
109,12
890,13
1825,1
14,16
2000,9
730,14
248,14
39,15
1313,3
1963,9
148,15
287,6
1844,10
1606,11
1649,3
797,7
1955,10
1999,6
692,8
1126,6
340,5
1494,9
1031,12
1375,11
480,14
1168,17
1056,4
1697,5
1146,3
23,10
6,6
161,11
1674,10
1744,5
1493,16
1752,5
1616,12
973,13
896,11
24,11
668,11
342,10
690,3
1535,12
1380,10
261,11
852,9
321,10
1516,6
959,13
422,1
235,1
398,9
1826,7
870,12
1078,10
316,3
1853,12
544,6
1971,16
501,11
444,17
557,2
372,15
1894,15
1818,7
1959,16
1296,14
280,8
1973,3
810,17
387,3
1349,14
473,6
1380,12
1725,15
1662,10
1362,1
70,2
550,8
871,9
1253,6
51,16
266,6
1190,11
537,17
1104,8
403,16
91,3
611,11
1423,16
1407,11
1342,5
319,9
882,10
1215,12
662,14
1548,13
150,14
257,9
1728,16
1082,16
1648,7
1005,17
60,17
1703,2
412,17
351,13
1526,3
1645,1
795,9
533,16
951,7
1646,13
876,10
1233,10
826,6
1193,1
729,5
362,13
965,14
1793,2
434,6
230,1
538,1
916,8
1950,9
1822,7
1852,4
1182,15
241,14
1634,17
6,7
1863,14
38,3
1241,4
576,1
203,10
262,14
754,1
1538,15
1870,10
759,11
1271,7
1626,7
427,3
377,9
1286,5
1157,14
1128,7
1191,4
750,4
949,5
265,11
816,16
1362,8
1011,13
1202,4
372,10
1262,4
609,10
629,1
591,17
291,11
1510,13
439,5
1855,3
14,9
1651,7
1659,11
273,6
525,3
1833,8
1570,3
1889,6
250,5
996,16
295,11
1743,12
611,7
484,11
1453,14
796,16
789,1
677,17
1747,5
473,14
1541,4
811,6
428,5
1743,4
270,2
78,10
683,12
1852,13
1924,5
598,12
1753,3
1350,1
979,4
5,14
1930,2
1184,16
1643,10
778,1
206,12
1957,13
1850,5
1885,2
340,9
745,7
159,17
527,13
670,13
694,14
1569,14
1719,13
1970,10
510,10
1441,12
1803,12
1727,6
1141,12
104,4
1056,3
122,15
1351,13
1777,11
2000,2
515,14
1253,12
40,14
214,8
401,4
1512,17
784,9
1496,17
1300,17
186,14
708,3
224,15
1507,3
1109,17
1667,17
849,15
1893,9
166,10
1536,10
1151,7
750,12
54,14
567,5
1148,13
607,3
1534,2
1030,6
1655,13
1659,11
1302,13
274,12
500,13
1820,12
1935,9
1553,2
887,14
1292,13
672,11
160,1
1363,10
1404,17
1063,5
1799,14
1613,10
176,10
657,15
947,12
761,3
1955,7
49,4
507,13
1869,7
790,1
1822,1
302,3
338,10
451,8
1701,17
539,6
1761,1
240,14
636,13
178,17
1859,15
622,7
1538,9
58,7
596,15
1069,6
997,9
1963,11
37,14
850,17
1843,2
1659,10
1548,3
29,9
403,12
1880,5
324,9
1179,12
1126,2
67,16
1443,1
1908,8
1488,14
1521,12
1568,16
620,6
1595,6
46,1
806,15
191,3
975,4
1623,15
700,9
1125,12
1458,2
1419,8
1860,2
96,9
954,8
382,11
585,11
1237,16
748,13
688,14
831,14
212,11
1492,8
1485,8
620,8
859,7
1388,14
558,17
1322,11
1907,14
91,6
1136,11
1748,2
382,10
1278,1
387,13
430,6
1057,3
256,3
1602,5
889,10
188,10
530,6
1070,15
252,11
933,14
1354,11
1025,16
52,4
1994,16
1562,1
168,12
1501,12
1934,4
170,3
1974,3
1439,4
167,10
662,3
1610,8
1007,2
11,5
963,8
1869,1
1504,1
328,16
1339,16
1554,1
1560,9
758,2
641,4
1149,2
870,14
1399,3
1187,17
1471,1
1333,4
991,14
331,6
346,1
1973,15
940,6
174,2
133,13
767,15
1043,16
1956,13
1140,9
952,16
476,8
288,4
676,13
3,7
1791,10
1,10
974,4
136,10
1577,11
1503,12
146,12
1084,17
1722,11
1816,10
839,8
1764,11
928,7
226,6
484,14
180,12
710,2
1894,6
410,14
653,11
1548,2
1876,4
414,14
135,9
190,1
452,12
1501,6
1285,9
1088,2
462,12
1647,17
1326,4
1710,2
243,9
267,8
960,3
861,10
1717,15
334,3
1549,2
1435,9
653,4
852,8
1724,11
1949,15
1904,7
1322,2
385,6
486,14
243,5
584,16
506,10
1632,14
593,2
918,3
1291,5
1464,12
551,7
918,13
1765,4
232,1
866,2
48,17
1216,12
309,4
1110,16
1421,13
1287,2
1194,7
503,1
449,11
745,2
1560,9
1043,14
592,15
936,6
1088,1
1311,10
1805,17
1595,6
421,16
1366,16
1826,10
896,15
878,14
1872,6
1806,12
1361,8
1344,15
136,9
14,4
1550,11
843,1
875,14
927,9
193,7
1273,2
1776,13
365,17
1683,13
935,9
1537,6
717,17
1381,8
1650,3
1621,17
1647,11
1680,3
864,12
1951,13
1764,10
1332,4
303,13
1442,14
1504,12
1268,11
696,4
43,5
1147,11
72,13
1412,11
462,1
1934,6
1119,12
225,6
735,10
1534,17
748,13
1183,4
130,16
419,5
1838,7
1691,5
908,14
588,4
683,1
1668,3
1029,6
995,10
1488,13
1774,16
1969,16
1392,12
521,4
594,8
311,14
1557,8
376,8
1902,13
1625,5
720,11
1963,14
706,13
267,12
1379,16
618,16
1531,7
621,12
833,5
729,15
1721,2
1805,12
53,11
747,7
1488,1
1640,7
326,5
1361,13
714,1
1159,11
359,13
430,11
512,10
1664,17
1148,15
209,5
1508,12
1466,4
93,13
770,12
1150,15
1967,14
1720,12
356,17
1443,15
630,6
207,5
57,11
496,10
666,2
1003,1
580,10
866,15
920,5
264,16
884,13
1214,16
647,10
358,4
1492,12
1185,8
344,13
1888,9
987,15
975,15
101,15
1622,13
1130,17
550,4
1823,10
957,11
1469,1
664,4
1378,3
752,14
754,9
991,6
499,17
1692,2
500,3
1828,17
319,15
957,13
474,5
396,7
1893,12
266,17
1700,17
297,2
50,13
401,2
59,16
1232,10
1485,5
679,5
1194,15
467,12
1297,1
1336,4
1085,17
375,17
440,1
1298,8
1957,4
476,2
353,13
38,16
47,7
1077,13
1369,7
419,9
1179,14
782,7
1466,14
433,7
467,10
116,9
186,5
1935,3
147,12
553,5
536,14
877,11
432,6
1860,14
518,4
1399,6
957,17
1007,9
98,1
1162,9
1219,13
1337,8
621,12
770,9
372,6
4,10
1699,14
148,17
1526,2
847,16
845,3
1750,5
80,11
910,3
538,8
1120,15
47,11
349,5
238,3
456,17
752,7
833,15
875,7
648,15
267,4
725,14
1351,9
1028,4
45,11
806,10
1771,14
516,11
223,2
519,1
61,17
611,1
1552,3
1966,15
167,1
445,16
1112,16
913,4
145,6
978,8
1036,9
144,14
657,13
802,8
498,13
929,8
1618,13
225,3
665,13
687,2
1308,4
1790,4
197,15
1663,8
1291,7
235,3
1596,6
1500,15
22,10
694,4
855,7
1870,2
1912,8
78,11
754,11
709,2
770,10
986,16
404,4
1654,3
618,4
1176,17
1242,5
1326,8
1868,17
1180,10
1815,6
837,8
820,7
1201,6
1030,12
1231,9
938,16
147,5
1386,13
1486,2
1868,1
600,4
373,1
452,4
1121,10
225,13
1396,15
925,4
410,3
291,5
1369,17
1608,3
1379,7
862,17
54,6
628,5
1207,8
533,11
929,17
186,7
280,17
1904,11
1863,3
848,5
1428,2
1128,10
104,6
119,4
415,2
89,17
407,10
1561,10
725,9
1366,9
1809,15
1170,9
190,12
245,7
870,13
266,2
723,16
559,16
1990,6
1873,12
1057,3
189,11
1761,5
1098,6
1635,13
1755,11
302,12
337,2
1084,9
681,16
1200,2
1784,7
615,10
1419,2
1013,13
1816,17
558,2
1286,5
1685,7
831,8
1681,12
441,9
477,17
752,7
590,6
1534,5
853,2
492,7
1915,5
743,12
341,16
650,2
271,9
1964,9
68,8
814,12
686,17
67,1
1180,3
1116,5
1759,17
1490,10
1970,12
354,6
419,16
532,7
1096,7
1079,10
275,3
583,17
571,16
342,3
1875,13
866,3
1641,7
708,1
1452,3
1388,12
202,17
2000,5
771,1
53,16
1272,1
413,17
1727,8
1506,7
679,3
989,5
170,6
1073,14
5,13
1022,16
428,8
182,15
31,14
1577,3
614,1
1730,10
552,13
1747,13
1706,7
444,2
1159,13
738,6
1487,1
78,14
416,3
941,15
1253,10
742,4
1351,15
532,16
1407,8
1301,15
1019,16
777,17
342,2
1396,9
1122,17
569,10
812,6
869,3
288,3
975,2
1627,7
798,6
76,11
783,3
1284,5
9,14
1528,13
727,11
640,2
166,1
1983,2
1865,1
879,6
1858,14
70,10
1370,7
1879,9
1481,5
524,3
1175,3
524,10
1423,7
609,3
588,3
581,13
620,5
1216,13
14,15
1844,8
1190,11
1702,5
1280,7
497,16
755,14
1138,17
1970,8
695,5
228,8
157,17
922,5
857,5
1846,2
1918,9
1971,14
841,4
1235,7
562,4
1591,8
1608,6
1748,14
1275,9
1262,14
302,5
1696,11
1286,6
415,3
978,2
1119,3
48,2
629,16
1120,17
331,4
393,5
1803,13
1744,6
1637,1
176,10
1516,4
1258,4
1256,17
1600,2
63,11
807,17
497,15
1732,11
952,7
1869,10
164,17
916,1
760,5
1418,5
1906,2
63,3
1954,2
711,3
1430,2
885,7
1487,8
1596,17
920,2
1658,11
1365,4
755,15
1815,8
1291,2
1120,6
335,12
656,15
1973,2
1307,4
255,17
1931,5
1114,5
1905,13
368,11
376,7
1757,14
1292,3
1664,4
851,13
621,16
592,2
780,1
718,10
332,4
1755,10
1658,9
377,14
1548,12
348,12
637,7
994,17
1678,1
1686,12
1878,4
781,8
223,12
237,14
426,1
681,10
1723,7
21,6
240,4
890,15
150,5
1050,2
416,12
1005,10
54,12
1298,4
571,4
1923,11
1100,5
980,14
588,6
1263,13
989,14
89,2
1421,14
1473,8
1639,3
1882,17
1127,4
265,15
1475,7
580,3
1969,3
1887,12
678,14
871,16
404,3
1135,7
1565,3
253,2
1456,2
1528,10
128,9
1993,13
1210,3
204,10
332,2
1593,11
250,1
488,7
463,15
1181,5
947,5
664,10
1710,5
1962,13
1316,1
1864,1
519,12
280,17
1311,14
1995,1
350,8
1945,11
164,17
333,7
1642,12
767,13
133,8
606,1
783,9
1758,9
1870,4
582,17
1701,2
1749,1
179,17
2000,17
1410,13
939,16
1746,13
761,10
1531,4
1913,3
1241,14
384,5
1073,11
1422,11
619,1
988,9
1788,8
1618,17
133,17
742,9
1138,17
1100,13
839,10
595,6
1575,1
968,11
260,11
1010,8
806,14
11,10
1500,10
255,5
1614,15
1096,14
976,7
677,11
58,11
321,13
1693,3
633,5
1425,8
1999,5
1129,14
550,17
1348,3
914,11
877,16
276,1
1015,5
77,6
1643,5
1055,17
745,2
1876,15
1507,13
1170,5
1497,15
858,4
1984,10
1194,12
1246,15
1424,7
1522,11
224,1
1842,4
1762,15
871,13
511,17
688,14
444,12
1676,1
321,11
1734,14
400,4
665,13
6,17
277,5
1919,5
1171,17
1770,10
655,1
789,10
286,8
1754,14
1210,16
1995,13
401,8
1850,11
390,10
1499,3
778,14
954,17
1096,3
755,7
1317,3
1083,1
739,7
993,3
1981,4
341,2
1449,3
1658,6
205,16
1492,8
1091,16
449,12
1316,6
1619,13
675,6
350,13
1551,13
316,12
1990,15
884,8
1277,6
397,14
383,8
1518,8
1578,14
1171,10
250,8
643,6
545,8
1845,15
842,3
656,12
1071,12
1347,13
413,3
1273,10
1293,17
1494,9
931,14
130,15
1365,11
48,16
768,15
372,16
947,8
1567,12
1142,15
263,4
1519,10
136,8
1439,5
1270,15
534,1
360,13
94,13
1849,12
1729,6
1083,2
58,10
1507,13
74,4
780,8
496,13
1022,14
1384,5
1268,7
955,6
1195,17
856,2
1869,9
441,12
550,16
642,2
757,8
1356,15
431,2
1600,9
526,6
1430,11
1809,2
1817,2
597,12
1322,1
1534,10
1289,13
1058,2
138,16
1277,7
475,8
1358,1
39,2
1253,1
632,10
221,10
1993,11
1998,8
589,6
507,1
1266,14
1694,6
167,3
455,14
1731,4
721,17
80,14
168,8
1110,1
1016,9
1814,8
774,3
91,9
512,6
987,6
541,4
1232,4
742,8
855,9
787,5
585,4
608,7
1565,10
143,11
517,8
209,12
1381,5
149,17
944,14
1462,2
1116,6
344,16
1200,7
1252,8
635,15
414,11
794,7
1069,2
859,16
1482,11
1673,6
259,13
1744,14
176,14
377,10
1014,5
771,15
355,7
1175,2
1786,8
409,7
1028,1
1097,1
717,16
481,5
726,5
115,17
1781,6
1491,7
160,3
1236,5
1023,17
215,16
14,9
1303,11
1192,6
1180,6
652,12
46,3
519,12
1597,7
1026,2
793,5
1805,6
118,8
1338,9
966,5
314,1
1371,2
1760,3
392,5
874,5
127,4
396,16
506,16
259,13
120,5
157,13
187,15
1417,14
1223,16
634,14
307,1
1353,8
202,13
1754,14
1722,10
287,1
750,6
1437,16
1324,1
594,15
19,9
1213,1
4,8
463,15
385,1
1532,11
1733,12
1223,6
1646,7
1999,12
1172,7
207,12
415,3
1430,7
160,5
629,7
708,11
1487,14
1723,3
1011,3
1956,15
447,7
1242,5
1503,14
1261,17
1542,7
1889,12
98,1
698,7
1904,4
153,9
289,7
193,7
1480,8
1309,17
1302,6
628,7
1326,4
669,16
514,14
22,9
1436,6
927,12
1567,7
1925,12
553,2
1644,5
1293,17
623,7
1380,9
933,7
19,11
1195,1
369,6
1499,9
245,12
1996,15
1197,12
1118,11
720,11
1550,15
893,6
1711,15
1761,4
1718,7
226,14
951,5
314,12
1583,3
1814,14
880,2
866,9
1715,15
1658,3
1415,4
1358,7
1884,8
717,5
1392,9
979,6
218,9
758,16
1482,2
859,10
1226,12
478,6
1752,12
231,17
1053,9
18,15
1382,13
1314,5
459,1
1066,3
1634,14
1378,13
321,13
1507,3
533,5
1706,1
1559,15
276,16
1199,8
374,2
953,13
16,7
926,4
648,15
146,16
1168,7
222,12
39,13
1467,16
1627,14
145,17
1460,4
1747,5
1929,1
777,10
504,2
1048,12
1714,10
544,3
1974,5
836,13
13,11
55,13
185,6
1476,11
748,12
309,16
1524,1
955,12
1999,7
1190,12
1308,7
461,15
605,13
871,6
1899,11
551,7
859,14
1060,10
887,17
217,2
1016,16
894,12
1910,2
233,17
33,1
149,10
219,1
1605,10
961,3
1720,12
695,1
1581,8
1862,10
1535,17
1859,14
499,3
1135,8
857,13
465,12
168,6
1121,1
725,10
1304,6
1786,12
1647,13
1587,17
1681,17
814,16
1617,17
1576,15
395,7
652,16
1117,2
1866,8
1513,16
394,9
1032,5
651,12
824,11
1088,4
1982,11
242,16
1978,7
1443,16
1057,7
1845,5
987,16
774,8
1768,16
1021,10
508,10
1900,8
343,7
1234,13
1576,12
1362,9
1173,8
1619,10
437,2
279,15
577,10
864,1
1974,4
271,2
400,8
414,13
1328,8
30,2
2,14
487,13
910,15
700,15
598,7
1108,17
1342,14
325,9
1418,5
1064,16
1351,13
1128,9
707,5
127,17
1669,10
1856,10
396,17
1714,6
537,5
1489,10
1864,8
987,8
405,3
1116,3
926,1
307,6
718,6
1564,10
673,16
1371,2
1825,15
1353,3
346,17
1940,9
213,3
531,12
1672,5
383,2
9,11
1539,12
1779,12
1806,2
1899,10
107,12
458,6
435,2
1458,7
68,11
1734,2
1173,9
1081,11
1908,3
349,2
730,5
1931,16
310,13
638,9
857,5
150,6
589,11
695,4
970,9
624,10
42,17
1678,4
1431,3
1153,11
1312,9
614,14
618,16
128,3
1033,16
1836,15
1836,5
1997,10
410,7
1034,17
1048,11
1442,1
1660,16
20,10
987,3
179,16
350,2
257,9
879,12
533,8
1658,5
134,12
1357,4
393,14
1812,9
1547,8
1626,8
1868,17
104,12
1439,6
730,5
1526,12
521,14
1582,16
47,15
1463,15
992,12
545,13
466,3
1528,10
1842,17
761,9
1000,6
1334,9
1153,3
761,7
451,14
532,13
1347,8
349,9
361,2
1438,3
883,10
1086,10
542,6
876,14
5,7
1606,2
30,6
1345,3
680,7
928,12
71,14
768,3
1611,15
1789,3
1227,4
1529,6
711,16
134,5
1476,8
858,2
1805,11
1003,15
535,4
269,15
466,6
421,4
1524,16
423,4
1183,6
347,3
1168,17
3,3
700,9
1241,10
6,16
1731,11
1717,4
325,1
808,12
1829,1
1735,14
1198,8
1363,1
862,13
1247,15
235,14
66,9
180,1
1227,9
747,5
1856,1
991,13
341,14
310,10
604,7
1990,17
618,2
1107,1
228,12
1252,17
415,10
1998,15
628,4
1628,15
419,13
1867,12
1547,6
1946,15
525,15
925,16
1844,5
1999,7
1996,17
1105,2
1759,12
1646,12
636,16
380,12
763,5
752,12
192,4
723,11
1834,12
1537,12
869,3
516,3
1478,6
1550,11
627,12
1154,4
531,2
1187,15
30,7
1681,9
138,3
1215,11
510,3
1566,15
269,7
574,13
349,15
519,14
695,14
573,15
1300,6
338,2
1910,13
1693,11
441,11
1143,14
1143,11
189,3
690,2
1492,13
461,9
884,6
279,9
502,17
1583,4
1516,17
943,2
1561,7
296,4
1448,12
763,11
1532,10
1202,16
1136,17
1701,15
302,5
1672,13
1415,7
834,10
593,1
772,11
969,11
744,15
1068,10
1547,17
155,13
1711,13
159,2
1007,12
235,14
315,10
550,9
783,3
1802,11
650,1
302,10
69,7
1113,8
537,1
564,11
493,2
1380,12
883,4
829,15
1931,5
66,12
713,1
1691,6
1622,8
1335,7
1466,8
1572,14
1790,1
1200,17
1986,3
156,11
1931,9
1036,10
677,5
1263,9
1286,14
481,1
1373,7
204,15
358,9
1436,12
741,17
403,16
417,11
1344,1
1858,8
909,8
399,8
1430,3
1459,3
1801,8
974,2
452,8
1132,12
1499,14
618,4
616,1
331,14
616,2
996,6
1369,3
1761,6
1245,14
432,13
1746,15
1075,10
1404,6
1256,1
1877,2
1005,2
563,15
161,15
803,10
1100,10
515,2
1445,8
182,10
437,7
644,13
976,10
1575,4
703,6
1075,17
631,17
1313,11
331,11
1048,5
915,17
875,6
1699,3
1483,7
1062,13
76,17
1670,8
779,13
1522,8
254,1
640,6
1329,1
1572,3
1387,15
1589,3
1598,2
1622,2
441,11
1192,3
1020,17
1574,6
1950,1
1741,10
612,2
1956,8
899,10
1580,2
1247,1
130,7
1704,13
1760,8
41,14
138,4
1379,7
14,7
1725,10
1239,5
1794,4
803,6
526,4
1840,1
782,6
987,15
1877,6
1925,15
1978,1
1175,4
1134,12
1841,12
634,1
1272,4
450,4
1258,8
427,9
822,9
590,8
414,12
38,12
47,4
693,6
1639,2
315,14
629,5
1115,3
1467,3
437,13
1986,7
816,9
1598,17
480,16
23,13
376,8
489,14
575,11
1530,11
1561,16
271,9
1813,14
1509,2
443,1
1570,17
1400,6
575,14
5,2
1874,13
1440,17
501,13
734,7
497,12
1888,3
660,13
1097,14
1285,17
1402,8
1035,11
1166,15
161,16
480,15
1769,4
375,4
320,11
757,3
1537,2
1540,12
383,1
268,6
977,3
285,13
1087,14
1840,1
423,10
1389,1
1049,14
885,1
1504,2
1213,16
1866,9
1475,11
95,2
1759,10
1867,6
712,14
1518,17
130,6
504,16
1226,7
400,13
1314,12
1960,7
1218,10
41,1
1305,6
585,7
457,5
1500,5
529,9
552,11
401,8
263,5
609,2
1033,2
1949,12
1333,7
1969,6
1799,7
953,17
1556,11
571,1
1301,14
151,14
1014,7
1297,15
246,17
1487,8
1931,16
283,11
279,9
296,3
1030,17
14,8
448,9
896,8
253,12
633,11
867,4
673,6
1555,16
1222,8
1706,9
64,7
1319,1
487,10
295,7
1266,12
406,16
736,5
1902,15
1738,8
1363,9
1938,6
683,11
1189,6
1278,11
1688,15
702,16
643,12
1654,10
903,16
1864,1
448,15
1916,10
1855,9
1979,7
1011,6
997,1
1095,14
69,9
1367,13
1446,7
1314,5
333,9
1780,11
1837,13
1663,12
515,3
1158,4
1373,11
1304,7
20,7
1631,15
1377,8
1622,11
1905,2
1175,11
587,3
675,10
1959,4
1279,8
1137,10
511,13
404,3
843,12
117,4
1017,12
535,9
613,8
1327,15
396,3
749,17
1634,4
1580,9
140,4
520,13
573,16
103,2
762,12
1994,5
596,12
1523,10
1788,15
1498,13
577,12
1063,2
1589,16
1212,4
315,11
565,17
948,10
1608,3
1459,10
302,5
1523,14
1254,14
1768,16
1381,17
1782,8
1582,6
1572,1
1758,2
1317,13
917,1
316,3
1583,14
1287,13
258,15
1378,1
992,15
258,10
1276,2
215,15
1193,1
344,13
1236,9
409,17
464,7
1756,11
1743,3
871,4
1012,6
340,13
563,3
667,10
885,6
418,4
395,16
869,14
1489,1
1967,2
532,2
883,7
182,6
982,17
230,3
1657,3
1885,3
492,14
625,8
266,9
413,14
1528,7
1280,2
629,5
1513,6
1631,1
1791,14
846,3
1177,4
1885,9
327,15
1870,2
64,17
349,1
1858,11
663,1
1776,10
838,12
1366,8
990,16
239,1
664,3
999,3
13,9
1167,1
1600,15
504,11
845,11
535,1
81,13
718,4
1485,8
1312,17
727,1
258,4
1347,5
403,6
259,2
1934,15
165,4
241,5
307,17
1887,12
384,1
40,17
767,6
22,11
205,7
694,12
1691,12
1608,17
893,13
1778,8
1243,12
754,5
1973,5
1022,6
429,8
753,8
1620,4
1810,10
841,12
1793,3
651,16
26,5
1580,3
1547,4
1384,16
1398,9
1835,17
1629,1
284,4
1540,12
151,17
1334,16
155,9
938,9
583,7
1663,17
1797,12
194,14
982,10
1225,11
538,3
485,15
252,10
592,4
845,6
267,6
912,7
1382,5
1421,11
1984,5
1183,17
930,6
1009,5
447,7
765,8
800,6
985,14
953,6
193,7
857,12
240,1
201,13
1728,10
1931,6
1527,9
529,13
228,9
179,8
547,14
1362,2
149,7
1242,5
549,13
1413,10
345,13
222,8
1750,9
178,8
312,1
992,1
280,17
321,11
1304,6
1120,17
1783,6
199,9
1689,10
1796,5
570,9
1364,1
1183,1
1948,4
1179,11
952,9
828,8
410,15
1020,7
1970,2
899,10
1874,11
1828,16
1117,5
1310,9
540,2
1145,2
1956,12
764,8
1336,14
333,3
1741,6
281,2
701,6
1939,7
1107,15
1659,2
1540,2
1327,3
59,6
1620,17
903,4
692,2
516,13
1849,10
1971,2
1824,17
1539,5
1126,14
432,1
1801,13
316,11
661,6
1829,10
1561,9
729,6
104,9
1132,8
1863,15
1409,10
1970,7
1288,10
1460,4
966,15
1107,7
601,16
1248,8
1342,4
836,6
1000,15
698,8
406,14
1920,15
1840,15
765,3
1908,13
246,14
111,5
1012,10
1831,3
600,15
8,11
702,14
421,3
849,5
1404,9
233,14
443,9
1583,1
921,1
660,11
381,5
1212,7
909,12
531,16
1250,2
1240,17
1079,11
1400,15
1641,5
901,4
1706,17
11,6
1481,11
812,13
396,13
707,8
1843,1
929,14
609,10
760,2
759,3
959,13
1428,8
212,12
792,8
279,6
406,15
522,1
1139,11
383,1
880,14
1178,7
1720,6
1212,12
140,14
1337,9
1188,13
1928,4
808,1
494,4
42,8
256,4
1117,12
689,12
732,3
1324,9
1267,15
87,13
1908,10
140,13
734,1
1886,14
175,11
685,2
233,7
1701,3
88,8
1803,17
254,12
1219,16
298,16
894,3
1923,13
1877,8
167,3
934,4
1276,11
1025,10
315,9
1395,15
218,6
1295,3
1537,14
1499,15
1402,5
70,8
1210,2
1338,17
954,4
90,1
707,17
393,7
1495,14
220,4
469,6
1367,13
1964,14
1248,4
1313,15
809,2
254,15
22,13
551,5
1453,3
416,16
642,17
2000,1
507,3
349,7
1874,13
931,3
494,9
1211,1
653,13
184,12
1442,14
1409,15
771,8
962,2
985,5
1220,1
1496,4
1491,10
892,14
428,6
1514,2
1371,6
939,6
1167,15
1969,16
1584,4
1194,10
745,12
696,4
134,14
889,5
1920,5
1684,5
1051,6
910,6
152,2
1765,9
1537,8
576,1
560,9
1633,8
370,13
1625,14
158,7
1427,16
72,12
976,10
58,10
123,16
270,14
1890,11
1008,13
1563,4
105,9
434,3
1309,7
943,13
1074,13
971,13
811,17
1081,11
1260,9
526,13
645,10
1361,11
1622,1
1190,5
1825,11
639,14
1561,3
1416,7
164,12
1551,4
1485,3
398,13
1486,12
1236,6
1733,9
617,10
575,16
569,8
426,7
424,4
807,16
615,7
825,3
1744,3
1308,15
784,16
1506,10
1980,2
1613,4
944,9
745,2
1206,14
891,14
55,10
691,15
1550,7
1331,8
1376,9
186,3
1640,4
527,16
1630,17
1387,5
1816,11
1386,12
1392,4
1323,15
228,7
1429,7
418,13
1415,17
578,8
744,17
408,14
1668,17
495,3
807,10
707,14
1728,9
656,11
688,15
1431,5
1868,5
787,13
1350,15
278,12
328,9
278,17
326,15
1937,13
1635,10
873,6
1201,1
514,6
400,9
157,16
1952,13
367,6
215,7
1469,13
1021,11
563,1
45,3
1481,2
360,13
1117,9
613,6
1582,17
1873,2
114,7
1038,5
693,13
994,15
1755,17
1843,15
54,10
789,2
997,4
1073,15
862,16
211,17
486,5
898,1
1737,9
1157,16
1015,5
123,17
1713,5
670,9
1175,10
1206,11
1116,7
1183,4
15,10
1804,17
1243,5
651,15
88,4
773,1
916,5
832,3
801,3
1399,11
828,6
467,17
1128,2
1072,3
17,1
1924,17
426,12
121,14
1297,9
1265,12
1926,3
1350,15
119,6
168,10
1631,4
177,7
1718,15
395,15
301,11
1923,10
321,15
1637,8
1292,8
169,5
1696,17
1162,2
1671,17
1848,1
1385,12
786,2
472,10
1770,17
1793,15
1552,11
1314,2
73,15
1627,7
1712,2
1159,8
335,8
423,2
1004,2
1451,17
375,3
654,15
717,1
857,8
60,14
1605,1
725,10
813,2
1559,12
1521,3
1435,1
1008,8
185,6
175,9
953,9
1806,17
1796,9
989,17
378,2
775,12
158,16
212,6
1427,8
1219,9
1388,5
409,17
1463,16
1167,15
291,14
701,13
1404,5
740,15
1317,2
1789,5
1046,4
282,6
66,6
197,5
636,8
1217,8
1113,1
805,10
368,6
822,2
783,5
1740,13
465,1
1353,17
1394,10
996,13
617,3
816,6
1192,5
778,16
198,17
1293,8
1145,14
1775,17
1660,4
493,3
1482,7
227,2
1713,14
659,2
1081,3
1195,12
1882,3
1193,17
1560,11
419,6
403,13
1560,4
1014,13
1552,2
1283,7
107,5
1863,7
6,15
1147,7
437,16
1499,10
33,12
68,2
1624,3
969,12
458,6
251,14
1523,16
920,8
1092,5
747,12
1643,10
618,9
297,9
1410,10
1349,4
1302,3
105,7
1134,3
1998,2
17,2
976,14
478,6
1235,6
1308,15
987,13
233,5
578,13
407,10
550,14
929,10
1986,4
1446,7
908,7
1146,9
1695,3
1050,17
553,4
1648,15
1422,16
1120,5
1161,17
839,16
523,11
957,14
37,17
878,16
562,15
1191,11
1323,17
947,12
1864,1
1697,7
928,17
1017,5
967,3
178,9
1902,12
456,15
1869,14
1217,2
804,5
1304,3
1721,15
771,15
632,4
1309,4
1369,7
1349,14
933,9
1368,15
262,2
1567,8
1846,10
876,14
1257,17
1183,16
1955,8
662,5
785,12
412,7
1265,6
1455,5
173,9
80,3
647,17
1736,14
1549,13
810,10
1145,8
1067,15
1476,4
1611,7
1196,2
1534,4
108,1
1914,13
778,8
81,2
279,5
413,11
1285,3
886,9
1552,10
1457,10
840,16
520,7
82,6
1184,17
1018,8
271,1
555,3
1478,15
1502,17
603,3
1953,6
1338,14
1044,13
1009,2
930,11
1620,8
680,16
691,13
1767,16
1001,4
1005,17
1128,15
761,11
618,17
675,9
588,9
1743,14
255,16
324,16
559,3
1800,7
944,12
1270,9
1410,4
846,6
1438,9
1416,10
1765,17
1052,10
396,15
1526,13
177,12
45,3
1662,2
113,1
1261,11
244,11
315,12
249,9
896,1
1473,8
52,15
1950,3
178,6
1840,12
826,6
374,5
1442,15
496,17
1678,9
1242,5
600,13
354,9
1604,3
346,5
872,9
1508,5
1239,8
56,14
703,5
1919,1
893,10
1647,12
466,5
1980,16
251,16
1918,10
1459,15
483,15
625,6
1101,8
889,1
330,7
694,12
736,1
681,13
1145,4
1235,2
344,4
118,7
2000,5
1636,2
1097,5
1259,1
1900,1
72,12
1523,2
1293,12
847,15
1012,10
1263,13
758,6
1681,3
427,13
1259,1
946,9
1364,10
137,15
1591,7
354,8
179,7
737,15
249,12
1504,5
650,6
1462,8
1882,3
807,5
1144,1
798,9
838,14
1765,1
1119,2
902,5
126,8
1727,16
1096,1
825,11
818,4
1215,3
314,15
386,11
711,9
1186,1
1342,7
763,15
36,12
462,6
449,7
1727,2
931,1
393,1
782,11
639,4
629,13
1984,6
1753,2
450,17
1359,13
1147,4
593,7
708,12
728,3
726,6
1181,14
416,13
44,6
1296,9
1415,4
1361,11
539,3
929,16
1474,2
228,9
1805,17
1117,1
1886,11
1045,17
325,7
811,8
1930,8
105,17
1055,5
1319,8
1075,10
526,3
1648,15
881,8
1620,3
598,12
1679,14
1809,6
114,1
899,1
1654,1
693,15
678,13
1043,6
1254,10
268,17
801,9
793,1
222,1
1995,9
1306,6
534,9
1400,16
1071,3
1052,2
1371,7
1564,14
261,3
603,4
813,5
1501,11
1939,11
395,8
1473,4
1222,8
549,12
1913,8
32,1
24,7
1533,16
64,15
604,9
910,2
539,15
1794,11
828,10
1854,4
973,3
1937,12
1383,6
560,12
133,5
261,6
102,6
1996,14
1025,13
489,7
982,14
1092,4
1071,10
264,1
245,17
1974,13
706,2
1672,15
1130,5
1483,5
524,3
1466,10
1298,10
1104,8
961,3
336,14
1515,6
821,9
996,13
13,6
885,13
1424,13
1082,9
349,7
1748,3
1198,9
438,6
1845,3
622,12
1865,8
1206,15
55,15
17,10
600,7
266,16
717,11
699,9
1712,6
886,16
1140,8
1862,3
929,12
148,4
318,7
144,2
784,17
350,11
1817,6
1605,9
1227,2
776,11
1635,7
646,5
613,13
1382,14
1381,5
1808,10
534,16
1228,15
1525,11
1734,15
374,9
1172,17
53,12
1945,2
1312,6
1087,12
1624,17
1079,4
1223,9
851,1
1187,12
350,1
559,15
331,12
751,1
291,17
772,17
880,2
1729,15
1659,2
1966,7
987,9
1998,3
213,2
1111,1
1875,10
527,6
224,16
1000,2
238,4
275,11
1200,13
684,8
53,17
351,9
1043,9
1641,9
1373,8
51,5
709,7
1269,15
460,15
378,10
326,9
764,3
859,12
131,9
1591,13
1666,7
1660,12
768,10
845,8
1858,17
1098,12
419,15
1845,13
783,12
1020,16
245,2
482,6
831,6
417,14
901,6
1522,17
816,14
133,11
132,3
1725,2
509,1
409,7
367,9
1482,7
1301,8
1816,11
176,1
1808,17
771,12
686,10
1427,4
1069,7
616,6
1403,5
346,3
869,2
1234,5
322,17
1964,10
470,8
151,15
1488,4
658,14
1331,3
1759,9
142,16
1902,14
1409,9
437,6
1989,4
640,14
1377,16
621,8
820,2
45,12
201,10
1983,1
1668,8
76,12
638,4
1421,16
353,8
1100,7
1811,5
850,10
1840,7
1738,5
1585,11
959,16
