Coke,12/29/2020,Erik  ,Nutrtional Information,,,
Coke,06/08/2020,Yuonne  ,Nutrtional Information,,,
Coke,07/30/2018,Robt  ,Nutrtional Information,,,
Coke,10/18/2018,Aurelia  ,Nutrtional Information,,,
Coke,05/30/2019,Cameron  ,Nutrtional Information,,,
Coke,02/19/2020,Corazon  ,Nutrtional Information,,,
Coke,10/13/2021,Felicitas  ,Nutrtional Information,,,
Coke,11/17/2021,Sona  ,Nutrtional Information,,,
Diet Coke,10/04/2019,Gracie  ,Nutrtional Information,,,
Diet Coke,10/12/2019,Darlene  ,Nutrtional Information,,,
Sprite,11/12/2019,Maura  ,Nutrtional Information,,,
Sprite,08/05/2021,Katy  ,Nutrtional Information,,,
Sprite,07/06/2020,Shawn  ,Nutrtional Information,,,
Sprite,10/19/2019,Marcelino  ,Nutrtional Information,,,
Sprite,02/26/2021,Hulda  ,Nutrtional Information,,,
Sprite,05/11/2018,Bessie  ,Nutrtional Information,,,
Sprite,05/25/2021,Angelita  ,Nutrtional Information,,,
Sprite,08/25/2019,Ashlee  ,Nutrtional Information,,,
Sprite,09/23/2019,Carmela  ,Nutrtional Information,,,
Mello Yellow,12/01/2018,Deangelo  ,Nutrtional Information,,,
Mello Yellow,09/03/2020,Marquita  ,Nutrtional Information,,,
Mello Yellow,07/04/2018,Hien  ,Nutrtional Information,,,
Mello Yellow,10/15/2018,Susie  ,Nutrtional Information,,,
Mello Yellow,06/06/2021,Nana  ,Nutrtional Information,,,
Mello Yellow,01/27/2021,Latoyia  ,Nutrtional Information,,,
Mello Yellow,12/07/2018,Claribel  ,Nutrtional Information,,,
Dasani,08/04/2019,Martin  ,Nutrtional Information,,,
Dasani,12/15/2019,Krystina  ,Nutrtional Information,,,
Dasani,08/19/2019,Shelia  ,Nutrtional Information,,,
Dasani,06/22/2020,Donnette  ,Nutrtional Information,,,
Dasani,09/15/2019,Magda  ,Nutrtional Information,,,
Dasani,10/10/2021,Salvatore  ,Nutrtional Information,,,
Dasani,10/07/2018,Ernie  ,Nutrtional Information,,,
Dasani,09/11/2021,Tiffani  ,Nutrtional Information,,,
Cherry Coke,08/24/2021,Dawne  ,Nutrtional Information,,,
Cherry Coke,12/23/2018,Cathrine  ,Nutrtional Information,,,
Cherry Coke,10/20/2021,Rosio  ,Nutrtional Information,,,
Cherry Coke,06/27/2019,Arden  ,Nutrtional Information,,,
Cherry Coke,06/08/2020,Kasha  ,Nutrtional Information,,,
Cherry Coke,12/13/2019,Leonor  ,Nutrtional Information,,,
Cherry Coke,11/08/2019,Kina  ,Nutrtional Information,,,
Coke Zero,11/03/2020,Letha  ,Nutrtional Information,,,
Coke Zero,04/13/2019,Tanisha  ,Nutrtional Information,,,
Coke Zero,12/26/2020,Lindy  ,Nutrtional Information,,,
Coke Zero,02/02/2021,Karissa  ,Nutrtional Information,,,
Coke Zero,12/06/2018,Sharice  ,Nutrtional Information,,,
Coke Zero,01/10/2021,Tamie  ,Nutrtional Information,,,
Coke Zero,07/11/2018,Kristine  ,Nutrtional Information,,,
Coke Zero,03/26/2020,Rich  ,Nutrtional Information,,,
Coke Zero,08/10/2020,Benito  ,Nutrtional Information,,,
Coke Zero,06/04/2020,Olive  ,Nutrtional Information,,,
