Dasani,05/10/2019,Message1,Calories
Dasani,05/11/2019,Message2,Calories
Dasani,05/12/2019,Message3,Calories
Dasani,05/13/2019,Message4,Calories
Dasani,05/14/2019,Message5,Calories
Dasani,05/15/2019,Message6,Calories
Dasani,05/16/2019,Message7,Calories
Dasani,05/17/2019,Message8,Calories
Dasani,05/18/2019,Message9,Calories
Dasani,05/19/2019,Message10,Calories
Dasani,05/20/2019,Message11,Calories
Dasani,05/21/2019,Message12,Calories
Diet Coke,05/10/2019,Message1,Calories
Diet Coke,05/11/2019,Message2,Calories
Diet Coke,05/12/2019,Message3,Calories
Diet Coke,05/13/2019,Message4,Calories
Diet Coke,05/15/2019,Message6,Calories
Diet Coke,05/16/2019,Message7,Calories
Diet Coke,05/17/2019,Message8,Calories
Diet Coke,05/18/2019,Message9,Calories
Diet Coke,05/19/2019,Message10,Calories
Diet Coke,05/20/2019,Message11,Calories
Diet Coke,05/21/2019,Message12,Calories
Diet Coke,05/14/2019,Message5,Calories
Mello Yellow,05/10/2019,Message1,Calories
Mello Yellow,05/11/2019,Message2,Calories
Mello Yellow,05/12/2019,Message3,Calories
Mello Yellow,05/13/2019,Message4,Calories
Mello Yellow,05/14/2019,Message5,Calories
Mello Yellow,05/15/2019,Message6,Calories
Mello Yellow,05/16/2019,Message7,Calories
Mello Yellow,05/17/2019,Message8,Calories
Mello Yellow,05/18/2019,Message9,Calories
Mello Yellow,05/19/2019,Message10,Calories
Mello Yellow,05/20/2019,Message11,Calories
Mello Yellow,05/21/2019,Message12,Calories
Sprite,05/10/2019,Message1,Calories
Sprite,05/11/2019,Message2,Calories
Sprite,05/12/2019,Message3,Calories
Sprite,05/13/2019,Message4,Calories
Sprite,05/14/2019,Message5,Calories
Sprite,05/15/2019,Message6,Calories
Sprite,05/16/2019,Message7,Calories
Sprite,05/17/2019,Message8,Calories
Sprite,05/18/2019,Message9,Calories
Sprite,05/19/2019,Message10,Calories
Sprite,05/20/2019,Message11,Calories
Sprite,05/21/2019,Message12,Calories
Cherry Coke,05/10/2019,Message1,Calories
Cherry Coke,05/11/2019,Message2,Calories
Cherry Coke,05/12/2019,Message3,Calories
Cherry Coke,05/13/2019,Message4,Calories
Cherry Coke,05/14/2019,Message5,Calories
Cherry Coke,05/15/2019,Message6,Calories
Cherry Coke,05/16/2019,Message7,Calories
Cherry Coke,05/17/2019,Message8,Calories
Cherry Coke,05/18/2019,Message9,Calories
Cherry Coke,05/19/2019,Message10,Calories
Cherry Coke,05/20/2019,Message11,Calories
Cherry Coke,05/21/2019,Message12,Calories
Coke Zero,05/10/2019,Message1,Calories
Coke Zero,05/11/2019,Message2,Calories
Coke Zero,05/12/2019,Message3,Calories
Coke Zero,05/13/2019,Message4,Calories
Coke Zero,05/14/2019,Message5,Calories
Coke Zero,05/15/2019,Message6,Calories
Coke Zero,05/16/2019,Message7,Calories
Coke Zero,05/17/2019,Message8,Calories
Coke Zero,05/18/2019,Message9,Calories
Coke Zero,05/19/2019,Message10,Calories
Coke Zero,05/20/2019,Message11,Calories
Coke Zero,05/21/2019,Message12,Calories
